title,content,author,date,url
Những món ăn uống có thể gây hội chứng ruột kích thích,"Hội chứng ruột kích thích (IBS
là bệnh tiêu hóa thường gặp, có triệu chứng điển hình là đau thắt bụng tái phát nhiều lần, kèm cảm giác khó chịu. Triệu chứng bệnh có xu hướng bùng phát do ăn một số thực phẩm. Người bệnh nên hạn chế các món dưới đây.
 là thành phần phổ biến của các món ăn cay. Capsaicin trong ớt kích thích các dây thần kinh trong ruột gây rối loạn tiêu hóa ở người mắc hội chứng ruột kích thích. Triệu chứng gồm đau thắt bụng tăng nặng, đầy hơi, tiêu chảy, cồn cào.
Hội chứng ruột kích thích (IBS
là bệnh tiêu hóa thường gặp, có triệu chứng điển hình là đau thắt bụng tái phát nhiều lần, kèm cảm giác khó chịu. Triệu chứng bệnh có xu hướng bùng phát do ăn một số thực phẩm. Người bệnh nên hạn chế các món dưới đây.
 là thành phần phổ biến của các món ăn cay. Capsaicin trong ớt kích thích các dây thần kinh trong ruột gây rối loạn tiêu hóa ở người mắc hội chứng ruột kích thích. Triệu chứng gồm đau thắt bụng tăng nặng, đầy hơi, tiêu chảy, cồn cào.
và sản phẩm từ sữa như phô mai, sữa chua, kem không tốt cho người mắc hội chứng kích thích. Người bệnh này thường có tình trạng không dung nạp lactose, tức không thể tiêu hóa đường lactose có trong các sản phẩm từ sữa. Không dung nạp lactose có thể dẫn đến các triệu chứng như đầy hơi, chuột rút, tiêu chảy.
và sản phẩm từ sữa như phô mai, sữa chua, kem không tốt cho người mắc hội chứng kích thích. Người bệnh này thường có tình trạng không dung nạp lactose, tức không thể tiêu hóa đường lactose có trong các sản phẩm từ sữa. Không dung nạp lactose có thể dẫn đến các triệu chứng như đầy hơi, chuột rút, tiêu chảy.
 có hàm lượng chất béo cao, dễ làm tăng hoạt động của các cơn co thắt ruột, sinh nhiều khí trong bụng dẫn đến đầy hơi. Người bệnh có hệ tiêu hóa nhạy cảm nên tránh các món ăn chiên rán, chẳng hạn pizza, xúc xích rán, khoai tây chiên. Hạn chế các món ăn chứa nhiều nước sốt.
 có hàm lượng chất béo cao, dễ làm tăng hoạt động của các cơn co thắt ruột, sinh nhiều khí trong bụng dẫn đến đầy hơi. Người bệnh có hệ tiêu hóa nhạy cảm nên tránh các món ăn chiên rán, chẳng hạn pizza, xúc xích rán, khoai tây chiên. Hạn chế các món ăn chứa nhiều nước sốt.
 thuộc nhóm trái cây nhiều FODMAP (chứa nhiều oligosacarit lên men, disacarit, monosacarit và polyol). Những carbohydrate chuỗi ngắn này là những loại đường khó hấp thụ hoặc không được ruột non hấp thụ tốt. Thực phẩm có hàm lượng FODMAP cao hơn có thể khiến các triệu chứng ở người bệnh bùng phát.
 thuộc nhóm trái cây nhiều FODMAP (chứa nhiều oligosacarit lên men, disacarit, monosacarit và polyol). Những carbohydrate chuỗi ngắn này là những loại đường khó hấp thụ hoặc không được ruột non hấp thụ tốt. Thực phẩm có hàm lượng FODMAP cao hơn có thể khiến các triệu chứng ở người bệnh bùng phát.
 cũng chứa nhiều FODMAP, không được ruột non hấp thụ tốt và góp phần kích thích triệu chứng của hội chứng đường tiêu hóa này. Bông cải xanh còn dễ tạo khí, tăng nguy cơ đầy hơi. Người bệnh nên ăn ít bông cải xanh mỗi lần và 1-2 bữa mỗi tuần. Không dùng quá nhiều một lần nhưng cũng không cần tránh hoàn toàn.
 cũng chứa nhiều FODMAP, không được ruột non hấp thụ tốt và góp phần kích thích triệu chứng của hội chứng đường tiêu hóa này. Bông cải xanh còn dễ tạo khí, tăng nguy cơ đầy hơi. Người bệnh nên ăn ít bông cải xanh mỗi lần và 1-2 bữa mỗi tuần. Không dùng quá nhiều một lần nhưng cũng không cần tránh hoàn toàn.
 (Theo 
)
 ",) ,"Thứ sáu, 23/8/2024, 15:00 (GMT+7)",https://vnexpress.net/nhung-mon-an-uong-co-the-gay-hoi-chung-ruot-kich-thich-4784879.html
Các triệu chứng tiêu hóa cảnh báo bệnh ,"Các triệu chứng đường tiêu hóa như đầy hơi, khó tiêu, ợ nóng... có thể xảy ra ở hầu hết mọi người. Thay đổi lối sống, sinh hoạt khoa học góp phần kiểm soát bệnh. Tuy nhiên, nhiều triệu chứng đường tiêu hóa có thể cảnh báo các vấn đề sức khỏe cần được kiểm tra, chẩn đoán và điều trị kịp thời.
Tiến sĩ, bác sĩ Vũ Trường Khanh, Trưởng khoa Tiêu hóa, Bệnh viện Đa khoa Tâm Anh Hà Nội, cho biết một số dấu hiệu dưới đây không nên bỏ qua.
 thường cảnh báo các vấn đề đường tiêu hóa như táo bón, đầy hơi, tiêu chảy... Tuy nhiên, đau bụng với cơn đau tăng dần có thể do nhiều nguyên nhân khác nguy hiểm khác gồm nhồi máu cơ tim, phình tách động mạch chủ... Lúc này người bệnh cần khám và điều trị sớm.
Đau bụng kèm tiêu chảy, táo bón hoặc phân lỏng đặc xen kẽ có thể là triệu chứng hội chứng ruột kích thích. Người bệnh sỏi mật, các chất lắng đọng làm tắc nghẽn ống dẫn mật cũng gây ra đau bụng dữ dội.
Một số bệnh có biểu hiện đau bụng dữ dội như thủng dạ dày, viêm tụy cấp, tắc ruột, viêm ruột thừa, viêm túi thừa... Người mắc một số bệnh không liên quan đến tiêu hóa cũng có thể bị đau quặn bụng như lạc nội mạc tử cung, sỏi thận...
thường do đầy hơi, khó tiêu. Đây là các triệu chứng phổ biến của hội chứng ruột kích thích hoặc không dung nạp lactose. Đôi khi triệu chứng này báo hiệu tình trạng cổ trướng do sỏi mật, viêm tụy...
Nếu chướng bụng đi kèm vàng da, vàng mắt, ngứa có thể do xơ gan (tích tụ chất lỏng trong bụng do bệnh gan mạn tính), gây suy giảm chức năng tổng hợp protein của gan hoặc tăng áp lực tĩnh mạch cửa, dịch trong máu thấm vào ổ bụng.
 có thể do chảy máu trong đường tiêu hóa. Theo bác sĩ Khanh, nôn ra máu là tình trạng nguy hiểm cần cấp cứu kịp thời. Một số nguyên nhân thường gặp gây nôn ra máu như viêm loét trên niêm mạc dạ dày tá tràng, vỡ giãn tĩnh mạch thực quản hoặc dạ dày ở bệnh nhân xơ gan...
chủ yếu liên quan đến khó tiêu, tiêu chảy hoặc táo bón, ngộ độc thức ăn, bệnh Crohn (gây viêm ruột non hay tiểu tràng và đau quanh rốn), bán tắc ruột... Nếu người bệnh đau quanh rốn kèm ăn mất ngon, buồn nôn, sốt, nên đi khám vì có thể nguyên nhân do viêm dạ dày ruột, sỏi mật...
 thường do chứng khó tiêu, 
, song cơn đau bụng trên đột ngột có thể là dấu hiệu của viêm loét dạ dày tá tràng, viêm cấp tính niêm mạc dạ dày tá tràng, viêm tụy cấp. Viêm túi mật, sỏi túi mật, sỏi ống mật chủ ung thư (dạ dày, tuyến tụy, gan, túi mật, ống mật) cũng dẫn đến đau bụng trên dữ dội.
 màu đỏ tươi thường do trĩ hay gặp sau táo bón hoặc phải rặn nhiều. Người trên 45 tuổi nếu thường xuyên đi ngoài ra máu nên tầm soát để loại trừ nguyên thư do ung thư đại trực tràng hoặc polyp chảy máu. Đại tiện phân có máu đen như bã cà phê còn có thể do chảy máu từ dạ dày hoặc ruột non. Nguyên nhân khác là viêm túi thừa, viêm loét đại tràng chảy máu...
 dù chỉ ăn một lượng nhỏ hoặc không ăn gì thường gặp do thói quen ăn uống, chứng khó tiêu hoặc táo bón. Tình trạng nặng hơn có thể do loét dạ dày, chứng khó tiêu chức năng, 
... Người bệnh nên đi khám nếu điều chỉnh lối sống vẫn không cải thiện thường xuyên cảm thấy no.
. Tiêu chảy do một số vấn đề sức khỏe như nhiễm trùng, ngộ độc thực phẩm, hội chứng ruột kích thích. Nếu tình trạng này xảy ra liên tục, lặp lại có thể nguyên nhân xuất phát từ nhiễm trùng, viêm túi thừa, ung thư ruột già... Chế độ ăn ít chất xơ, uống ít nước, ngồi nhiều ít vận động dễ dẫn đến táo bón. Người trên 45-50 tuổi bị táo bón kéo dài không do các yếu tố trên, cần kiểm tra để loại bỏ nguyên nhân do ung thư đại trực tràng.
Hầu hết triệu chứng đường tiêu hóa có thể cải thiện khi điều chỉnh thói quen ăn uống, lối sống. Nếu các triệu chứng ngày một nặng hơn hoặc không cải thiện 7-10 ngày, người bệnh nên đến các cơ sở có chuyên khoa tiêu hóa để được tư vấn, chỉ định xét nghiệm tìm nguyên nhân, điều trị hiệu quả.",Lục Bảo,"Thứ bảy, 24/8/2024, 09:00 (GMT+7)",https://vnexpress.net/cac-trieu-chung-tieu-hoa-canh-bao-benh-4785101.html
Khỏi nguy cơ ghép gan nhờ thay 24 lít huyết tương ,"Ngày 10/8, BS.CKI Nguyễn Duy Khương, khoa Hồi sức tích cực - Chống độc, Bệnh viện Đa khoa Tâm Anh TP HCM, cho biết đây là trường hợp đầu tiên được truyền huyết tương thể tích cao, đến 24 lít, để loại bỏ chất độc khỏi máu. Trước đây một số người bệnh điều trị tại Tâm Anh thay nhiều nhất là 8 lít huyết tương. Với bệnh nhân này, bệnh viện phải huy động nguồn huyết tương thể tích cao trong ngân hàng huyết học từ 120 người khỏe mạnh hiến tặng.
Huyết tương là máu sau khi loại bỏ huyết cầu (hồng cầu, bạch cầu, tiểu cầu), chứa các yếu tố đông máu, ở dạng chất lỏng trong suốt, màu vàng nhạt.
Trước đó, anh Tiến được chuyển từ Vũng Tàu lên TP HCM cấp cứu trong đêm, bệnh viện địa phương tiên lượng nguy cơ tử vong cao. Kết quả xét nghiệm của anh Tiến tại Bệnh viện Đa khoa Tâm Anh TP HCM cho thấy men gan cao hơn 40 lần, chỉ số bilirubin tăng 15 lần bình thường, chỉ số APTT đánh giá khả năng đông máu khoảng 2,66 (chỉ số bình thường nhỏ hơn 1).
Bác sĩ Khương chẩn đoán người bệnh bị suy gan tối cấp kèm biến chứng rối loạn đông máu trên nền bệnh gan mạn tính do rượu. Suy gan tối cấp khởi phát đột ngột dưới 7 ngày, trong khi suy gan cấp thường kéo dài khoảng 30 ngày. Tình trạng này ít gặp, bởi suy gan tối cấp thường do viêm gan siêu vi A, B hay dùng quá liều acetaminophen (paracetamol), thuốc kháng lao, độc chất. Trường hợp anh Tiến, 
 tối cấp là do uống rượu.
Bác sĩ chỉ định thay huyết tương thể tích cao ngay cho người bệnh. Mục đích là loại bỏ độc chất khỏi máu, bổ sung các yếu tố đông máu nhằm tạo điều kiện cho gan tự hồi phục. Trong khi, thay huyết tương với thể tích thông thường được chỉ định cho người mắc hội chứng Guillain-Barré, nhược cơ và một số bệnh tự miễn khác.
""Nếu không có nguồn huyết tương sẵn có từ người hiến tặng, người bệnh có nguy cơ phải ghép gan, trong khi nguồn tạng hiến khan hiếm, chi phí ghép gan cao..."", bác sĩ Khương nói. Anh Tiến được thay huyết tương ba lần, mỗi lần khoảng 4 tiếng và cách nhau 24-48 tiếng do phải chờ độc chất từ các mô tế bào ngấm lại vào máu. Sau ba đợt điều trị, gan của người bệnh có dấu hiệu hồi phục.
Nhiều trường hợp 
 quá mức, diễn tiến nặng không điều trị kịp khiến gan không còn khả năng hồi phục, chỉ còn cách chờ phẫu thuật ghép gan. ""Trường hợp bệnh nhân Tiến rất may mắn"", bác sĩ Khương nói.
Nhân viên y tế điều chỉnh máy hỗ trợ thay huyết tương cho người bệnh. Ảnh: 
Huyết tương chiếm 4-6% trọng lượng cơ thể. Với thay huyết tương thể tích cao, 8 lít huyết tương được sử dụng, tương đương 15% trọng lượng cơ thể, gấp 2-3 lần thể tích của người bệnh, trong khi thay huyết tương thông thường chỉ khoảng 4 lít (gấp 1,5 lần). Chính nhờ thể tích cao nên hiệu quả điều trị cho mỗi lần thay thế đến 85% (thay huyết tương thông thường chỉ khoảng 75%). Phương pháp này phù hợp với những trường hợp khẩn cấp, khi lượng độc chất trong cơ thể tăng gấp nhiều lần bình thường, cần đưa về mức bình thường càng sớm càng tốt.
Tùy tình trạng suy gan, bác sĩ có phác đồ điều trị phù hợp. Khi chỉ số bilirubin vượt mức 250 μmol/L, người bệnh suy gan cấp cần được 
, tránh biến chứng não gan, phù não, co giật, suy thận, biến chứng phổi, tử vong.
Để phòng suy gan, bác sĩ Khương khuyến cáo người mắc bệnh gan cần hạn chế uống rượu bia, tiêm phòng viêm gan virus B, duy trì cân nặng ổn định, có lối sống lành mạnh. Người bệnh viêm gan virus B, C nên theo dõi, điều trị và ăn uống đủ dinh dưỡng, chọn thực phẩm tốt cho gan như tỏi, quả mọng...",Đức Trí,"Thứ bảy, 10/8/2024, 08:00 (GMT+7)",https://vnexpress.net/khoi-nguy-co-ghep-gan-nho-thay-24-lit-huyet-tuong-4779669.html
Suy kiệt do viêm loét đại tràng bội nhiễm virus ,"Anh Trung thường đau bụng bên phải, đau nhiều sau ăn, đi ngoài ra máu, bác sĩ chẩn đoán bị viêm loét sâu, chảy máu đại trực tràng. Triệu chứng kéo dài ba năm khiến anh sụt 15 kg, thiếu máu nặng. Gần đây anh suy kiệt, đến Bệnh viện Đa khoa Tâm Anh Hà Nội nội soi cho thấy đại tràng xuống sát góc lách đến trực tràng niêm mạc phù nề, xung huyết, rải rác có vài ổ loét lớn, không nhìn thấy mạch máu dưới niêm mạc, dễ chảy máu khi đèn soi phạm phải, lòng đại tràng hẹp dần.
Ngày 23/8, tiến sĩ, bác sĩ Vũ Trường Khanh, Trưởng khoa Tiêu hóa, cho biết người bệnh bị viêm loét đại trực tràng chảy máu mức độ nặng có bội nhiễm virus CMV (Cytomegalovirus). CMV có khả năng tồn tại suốt đời. Hầu hết người bệnh không biết mình mang mầm bệnh do không có triệu chứng hoặc triệu chứng nhẹ như đau cơ, mệt mỏi, đau họng... Khi hệ miễn dịch suy giảm, virus tái hoạt động gây nhiều biến chứng nguy hiểm tùy vào người, độ tuổi, tình trạng sức khỏe.
Anh Trung được điều trị nội khoa, nuôi ăn qua đường tĩnh mạch, truyền máu, albumin, dùng thuốc kháng virus CMV, tăng thể tích tuần hoàn nhằm cải thiện sức khỏe. Bác sĩ chỉ định dùng thuốc sinh học làm lành tổn thương ở 
, giảm tình trạng nhiễm trùng nặng.
Sau 25 ngày điều trị và theo dõi, tình trạng nhiễm CMV được kiểm soát, người bệnh hết sốt, đại tiện một lần mỗi ngày và không có máu, ăn uống ngon miệng, tăng cân, dần hồi phục sức khỏe.
Bác sĩ Khanh tư vấn cho người bệnh. Ảnh minh họa:
Đường tiêu hóa là một trong những hệ thống dễ bị nhiễm CMV nhất, trong đó phổ biến ở đại trực tràng và thực quản. Theo bác sĩ Khanh, tỷ lệ nhiễm CMV ở người bệnh viêm loét đại tràng chảy máu tăng theo mức độ bệnh. Yếu tố làm tăng nguy cơ nhiễm ở người 
 như không tuân thủ phác đồ điều trị, ngừng thuốc sau khi thấy bệnh cải thiện, không tái khám định kỳ dẫn tới bệnh tiến triển mạn tính. Virus CMV có thể lây truyền qua máu, dịch cơ thể, quan hệ tình dục không an toàn, từ mẹ có mầm bệnh sang con...
Bác sĩ Khanh cho biết sử dụng thuốc sinh học để điều trị bệnh viêm loét đại trực tràng chảy máu thể nặng bội nhiễm virus CMV mang lại hiệu quả cao hơn các loại thông thường. Tuy nhiên, thuốc sinh học có thể gây ra các tác dụng phụ như tăng nguy cơ nhiễm trùng (do suy giảm hệ miễn dịch, phản ứng dị ứng...). Người bệnh nên sử dụng thuốc sinh học khi có chỉ định của bác sĩ.
Để giảm nguy cơ tái phát, người bệnh cần tái khám theo hướng dẫn của bác sĩ. Ăn uống hợp lý, tránh các thực phẩm gây kích ứng đường tiêu hóa (đồ chiên rán, thức ăn cay, rượu bia...). Bổ sung probiotic, rau xanh, trái cây, thực phẩm giàu chất xơ để duy trì sự cân bằng của hệ vi sinh vật đường ruột. Tập thể dục thường xuyên, tránh áp lực, căng thẳng.
Bác sĩ chẩn đoán viêm đại tràng do CMV thông qua nội soi đại tràng, xét nghiệm PCR, sinh thiết tổn thương. Trong đó, 
 giúp xác định tổn thương, lấy bệnh phẩm để giải phẫu bệnh.",Lục Bảo,"Thứ sáu, 23/8/2024, 15:00 (GMT+7)",https://vnexpress.net/suy-kiet-do-viem-loet-dai-trang-boi-nhiem-virus-4784665.html
Thủ phạm gây ung thư trực tràng ,"Ngày 11/6, tiến sĩ, bác sĩ Vũ Trường Khanh, Trưởng khoa Tiêu hóa, Bệnh viện Đa khoa Tâm Anh Hà Nội, cho biết loại ung thư này có xu hướng tăng nhanh ở Việt Nam do nhiều yếu tố dưới đây.
: Theo kết quả Tổng điều tra Dinh dưỡng toàn quốc, tỷ lệ thừa cân, béo phì ở trẻ em 5-19 tuổi là 8,5% năm 2010 đã tăng lên 19% năm 2020. Sau 10 năm, tỷ lệ thừa cân, béo phì tăng hơn hai lần.
Theo bác sĩ Khanh, thừa cân, béo phì làm tăng nguy cơ mắc bệnh và tử vong vì ung thư. Tình trạng này xảy ra ở cả hai giới song nguy cơ ở nam giới cao hơn nữ giới. Béo phì có thể dẫn đến các thay đổi nội tiết tố như tăng mức insulin, thúc đẩy sự phát triển của tế bào ung thư và ức chế quá trình apoptosis (quá trình tự chết của tế bào). Nồng độ insulin và IGF-1 trong huyết thanh tăng lên có liên quan đến nguy cơ ung thư đại trực tràng cao hơn. Tăng cân cũng kích thích phản ứng viêm của cơ thể - yếu tố thúc đẩy ung thư đại trực tràng phát triển.
: Chuyên viên dinh dưỡng Nguyễn Thị Huyền, Khoa Dinh dưỡng, Bệnh viện Đa khoa Tâm Anh Hà Nội, cho biết nhiều người Việt có thói quen ăn uống mất cân đối dinh dưỡng như nhiều thịt và mỡ động vật, ít trái cây, rau xanh.
Theo Viện dinh dưỡng Quốc gia, trung bình một người Việt ăn 134 g thịt mỗi ngày, trong đó có 95,5 g thịt đỏ, trong khi nhu cầu khuyến nghị là 70 g. ""Người Việt ăn thịt nhiều gấp đôi khuyến cáo"", chuyên viên Huyền nói, thêm rằng ăn uống quá nhiều chất béo với mức cholesterol cao làm tăng nguy cơ ung thư đại trực tràng. Trong khi đó, chất xơ từ rau củ, trái cây có khả năng rút ngắn thời gian thức ăn qua đường ruột, thúc đẩy bài tiết những chất độc hại, giảm nguy cơ ung thư.
: Ít nhất 30% người trưởng thành thiếu vận động thể lực, Việt Nam trong top 10 quốc gia lười vận động nhất thế giới, theo Quỹ dân số Liên hợp quốc (UNFPA).
Bác sĩ Khanh giải thích lười vận động dễ gây đầy hơi, táo bón, khó tiêu. Quá trình tiêu hóa chậm lại, chất thải tích tụ trong ruột già lâu hơn, khiến cơ thể có cơ hội tiếp xúc với các chất gây ung thư nhiều, làm tăng nguy cơ ung thư trực tràng. Tổ chức Y tế Thế giới (WHO) khuyến nghị đi bộ 10.000 bước chân mỗi ngày. Người lớn nên vận động ít nhất 30 phút mỗi ngày với các bài tập nhịp điệu nhẹ nhàng, tối đa 5 ngày trong tuần.
: Theo WHO, trung bình một người Việt từ 15 tuổi trở lên uống 8,3 lít cồn nguyên chất mỗi năm, tương đương 21 lít rượu hoặc 170 lít bia.
""Thường xuyên uống rượu, bia vừa phải đến nặng làm tăng nguy cơ ung thư đại trực tràng gấp 1,2-1,5 lần so với người không uống"", bác sĩ Khanh nói. Uống rượu bia gây ung thư theo nhiều cơ chế. Uống rượu dẫn đến tăng chất oxy hóa trong tế bào. Các sản phẩm chuyển hóa từ ethanol trực tiếp hoặc gián tiếp gây ra ung thư. Khi vào cơ thể, ethanol có trong bia rượu được chuyển hóa thành acetaldehyde, làm tổn thương tế bào, hỏng chuỗi DNA.
: Bác sĩ Khanh cho biết khói thuốc lá là nguyên nhân gây ra khoảng 30% tổng số các loại ung thư ở người, trong đó có ung thư đại trực tràng. Theo WHO năm 2023, tỷ lệ hút thuốc của nam giới Việt là 42,3% và tỷ lệ này ở nữ giới là 1,7%. Khói thuốc gây ung thư đại trực tràng bằng cách làm hỏng các tế bào lót 
 và trực tràng. Nguy cơ mắc bệnh giảm một nửa ở người bỏ thuốc lá, ngay cả người đã hút thuốc trong nhiều năm.
: Thịt đỏ (thịt bò, thịt heo, thịt cừu, gan...), đồ ăn chế biến sẵn (xúc xích, thịt đóng hộp) chứa nhiều chất bảo quản, muối. Khi chế biến ở nhiệt độ quá cao (chiên, nướng...), chúng tạo ra các chất có hại, có khả năng gây ung thư. Người có chế độ ăn nhiều thịt đỏ, thịt chế biến sẵn nguy cơ cao phát triển ung thư đại trực tràng.
Thịt đỏ, thịt chế biến sẵn chế biến ở nhiệt độ cao dễ sinh các chất gây ung thư. Ảnh: 
Ngoài những nguyên nhân về thói quen sinh hoạt, các yếu tố nguy cơ 
 còn liên quan đến tuổi tác, tiền sử bệnh lý (polyp tuyến, polyp răng cưa...), tiền sử gia đình có người thân mắc ung thư đại trực tràng, hội chứng di truyền.
Theo 
, ung thư đại trực tràng thường ít biểu hiện triệu chứng sớm. Một vài dấu hiệu có thể nhận biết như đi ngoài ra máu tươi hoặc máu bầm, có máu trong phân hoặc đi ngoài phân đen, bất thường đi ngoài, đau tức vùng bụng, chậu hông, mệt mỏi, suy nhược, sụt cân không rõ nguyên nhân, song dễ nhầm lẫn với các bệnh thông thường. Người bệnh khi có một trong các dấu hiệu trên, nên đi khám sớm để bác sĩ kiểm tra, chẩn đoán đúng bệnh.
Sinh hoạt khoa học giúp tăng cường sức khỏe, giảm nguy cơ ung thư. Bữa ăn nên đủ các nhóm chất như bột đường, đạm, béo, vitamin và khoáng chất. Ưu tiên chế biến luộc, hấp hơn là chiên, rán. Hạn chế thực phẩm chế biến sẵn, có thể thay thế thịt đỏ bằng cá và động vật có vỏ (như mực, tôm, cua). Bỏ hút thuốc lá, hạn chế rượu bia.
Duy trì cân nặng hợp lý, tập luyện thường xuyên để hỗ trợ hệ tiêu hóa khỏe mạnh đồng thời nâng cao sức khỏe tổng thể. Khám sức khỏe và tầm soát ung thư định kỳ giúp phát hiện và điều trị bệnh sớm, giảm tỷ lệ tử vong, nhất là người có yếu tố nguy cơ cao.",Ly Nguyễn,"Thứ ba, 11/6/2024, 09:00 (GMT+7)",https://vnexpress.net/thu-pham-gay-ung-thu-truc-trang-4756695.html
Ăn chay có giảm nguy cơ ung thư đường tiêu hóa? ,"Chế độ ăn uống liên quan mật thiết đến nguy cơ ung thư đường tiêu hóa. Ăn nhiều thịt chế biến sẵn, thịt đỏ làm tăng khả năng hình thành ung thư ruột, dạ dày, đại trực tràng, gan... Trong khi đó, dinh dưỡng cân đối giữa các nhóm chất từ thực vật như trái cây, rau, ngũ cốc nguyên hạt và các loại đậu, ít thịt, góp phần giảm tỷ lệ phát triển các khối u ác tính đường tiêu hóa.
Nghiên cứu tổng hợp đăng trên Thư viện Y khoa Quốc gia Mỹ, năm 2022, trên 472.300 người ăn theo các chế độ khác nhau ở Anh, trong hơn 11 năm, cho thấy những người ăn ít thịt, ăn cá hoặc thuần chay có nguy cơ mắc ung thư trực tràng, vú và tuyến tiền liệt thấp hơn so với nhóm người ăn thịt thường xuyên.
Có nhiều kiểu ăn chay khác nhau, như chế độ ăn thuần chay loại trừ tất cả sản phẩm có nguồn gốc động vật như thịt, cá, các sản phẩm từ sữa và trứng. Chế độ ăn chay lacto-ovo sử dụng cả thực phẩm như trứng, sữa, pho mát, bơ, sữa chua, kem chua, kem và các sản phẩm từ sữa khác. Chế độ ăn chay pesco vegetarian là kiểu ăn chay bán phần, không có các loại thịt như bò, lợn, gà nhưng có thể ăn cá và các loại hải sản khác, ngoài ra cũng cho phép sử dụng các sản phẩm từ sữa, trứng.
Nghiên cứu tại Đại học Loma Linda ở California, Mỹ đã phân tích thói quen ăn uống của hơn 70.000 người, cho thấy người ăn thuần chay có nguy cơ mắc ung thư đại trực tràng thấp hơn 22% so với người ăn thịt, song nguy cơ này còn thấp hơn ở người ăn chay pesco vegetarian với tỷ lệ giảm hơn 43%.
Trái cây và rau củ có khả năng chống lại ung thư đường tiêu hóa do chất xơ thực vật kích thích các loại vi khuẩn lành mạnh phát triển. Chất chống oxy hóa cũng hỗ trợ cho các tế bào hoạt động trơn tru, phòng tránh những rối loạn có thể gây ra ở cấp tế bào, từ đó giảm nguy cơ ung thư.
Ăn uống nhiều chủng loại trái cây, rau củ cung cấp đa dạng nguồn dưỡng chất cho cơ thể, thay vì từng chất đơn lẻ. Các chất kết hợp tạo nên mức độ chống lại bệnh tật cao. Ví dụ chất chống oxy hóa trong cà chua, cà rốt và các loại rau củ giàu beta-caroten khác biệt hoàn toàn với chất chống oxy hóa từ những loại quả mọng như cam, quýt.
Ăn các loại rau xanh (bông cải xanh, rau bina, cải xoăn, rau diếp) và các loại hạt (hạt chia, hạt lanh, hạt bí, hạt óc chó, hạt hướng dương, hạt vừng, hạt hạnh nhân) đều tốt cho gan. Hành tây, tỏi tây, ớt chuông, khoai lang, cam, đu đủ hỗ trợ phòng ngừa ung thư dạ dày. Trái cây nhiều màu sắc như mâm xôi, việt quất, dâu tây, anh đào và rau xanh như cải bắp, bông cải có tác dụng chống 
.
Ngoài ăn chay, để phòng ngừa ung thư đường tiêu hóa, bạn nên tăng cường chất xơ, uống khoảng hai lít nước mỗi ngày, không hút thuốc lá, hạn chế rượu bia và nước ngọt đóng chai, ăn chậm nhai kỹ, tập thể dục thường xuyên. Bạn và người trong gia đình đều có những yếu tố nguy cơ di truyền nên tầm soát ung thư định kỳ mỗi năm một lần để có thể phát hiện sớm, điều trị kịp thời.
Ăn loại trái cây nhiều màu sắc giúp đa dạng nguồn dưỡng chất chống ung thư. Ảnh: 
Theo Globocan 2022, ung thư 
 có tỷ lệ người mắc bệnh và tử vong thuộc top đầu Việt Nam. Trong top 5 loại ung thư phổ biến nhất tại Việt Nam thì 3 trong số đó đều là ung thư đường tiêu hóa như ung thư gan, ung thư dạ dày và ung thư đại trực tràng.",Trả lời:,"Thứ tư, 12/6/2024, 08:00 (GMT+7)",https://vnexpress.net/an-chay-co-giam-nguy-co-ung-thu-duong-tieu-hoa-4757225.html
Nội soi đặt stent cho cụ ông có hai khối u ác tính ,"Giữa tháng 6, ông Quang Thắng (85 tuổi, Biên Hoà, Đồng Nai) đến thăm khám ở Bệnh viện Đa khoa Tâm Anh trong tình trạng ăn vào ói ra, bụng chướng đầy, ho nhiều, nuôi ăn bằng đường truyền tĩnh mạch.
Người nhà của ông Thắng chia sẻ, năm 2020, ông đi ngoài ra máu nên đi khám ở một bệnh viện phát hiện có hai khối u ác tính ở hang vị (dạ dày) và trực tràng. Bác sĩ có chỉ định phẫu thuật nhưng do lớn tuổi nên ông không muốn vì sợ nguy hiểm đến tính mạng, chỉ xin đơn thuốc điều trị tại nhà.
Gần đây, những triệu chứng cũ chuyển biến nặng hơn, cơ thể ông gầy sút, sức khỏe yếu. Người nhà đưa ông đến bệnh viện khám, mong ông có thể ăn uống lại bằng đường miệng. Lúc này, ngoài những biểu hiện trên, ông còn phải đặt ống sonde dạ dày, giúp đẩy dịch từ bao tử ra ngoài.
TS.BS Phạm Hữu Tùng (Phó giám đốc Trung tâm Nội soi và Phẫu thuật nội soi tiêu hóa TP HCM) nội soi dạ dày phát hiện người bệnh có tổn thương u ở hang vị gây bít tắc, dạ dày ứ đọng nhiều dịch và thức ăn. Trực tràng cũng có khối u gây hẹp lòng, khiến máy soi không thể qua được. Người bệnh cùng lúc tắc phần trên của dạ dày và phần dưới đại tràng nên thức ăn không tiêu hóa và đường ruột không lưu thông được. Bác sĩ cần nội soi đặt stent ở cả dạ dày và đại tràng cho người bệnh gấp để mở thông đường tiêu hóa, cải thiện tình trạng bít tắc.
Bác sĩ Hữu Tùng trong một ca phẫu thuật nội soi cho người bệnh. Ảnh: 
Sau gần hai giờ, bác sĩ rút hết dịch trong dạ dày và nội soi đặt hai stent kim loại dài 12 cm, đường kính mở tối đa 2,2 cm đi qua vị trí hẹp do khối u gây ra ở dạ dày và trực tràng. Stent kim loại mở rộng trong dạ dày, thức ăn có thể lưu thông xuống ruột. Người bệnh phục hồi tốt, có thể uống sữa và ăn đồ lỏng qua đường miệng sau 24 giờ. Bác sĩ lưu ý bệnh nhân ăn thức ăn phải nhai thật kỹ, nhuyễn để tránh thức ăn bị vướng vào stent gây tắc nghẽn lòng stent.
Con của ông Thắng chia sẻ: ""Bố tôi vui khi có thể ăn uống trở lại bằng đường miệng sau bao ngày nuôi ăn bằng đường truyền tĩnh mạch. Giờ thì ông không còn phải sợ phiền hà đến con cháu"".
Bệnh nhân bị 
 và trực tràng nếu không phẫu thuật, thời gian kéo dài khiến khối u tiến triển, xâm lấn gây hẹp môn vị, gây ứ đọng thức ăn và dịch dạ dày, nôn ói và không thể ăn qua đường miệng.
Bác sĩ Hữu Tùng chia sẻ thêm, đặt stent là phương pháp điều trị giảm nhẹ cho những trường hợp không còn khả năng phẫu thuật, điều trị triệt để. Đặt stent giúp người bệnh có thể ăn uống bình thường, hấp thu nhiều dưỡng chất, giảm áp lực cho cơ quan tiêu hóa, nhờ đó, loại trừ các triệu chứng khó chịu và làm tăng chất lượng cuộc sống. 
 là kỹ thuật ít xâm lấn, thực hiện trong thời gian ngắn, an toàn với người lớn tuổi. Tuy nhiên, để thực hiện phương pháp này, đòi hỏi đội ngũ bác sĩ có kinh nghiệm chuyên môn, có hệ thống máy móc hiện đại hỗ trợ.",Quyên Phan,"Thứ hai, 3/7/2023, 09:00 (GMT+7)",https://vnexpress.net/noi-soi-dat-stent-cho-cu-ong-co-hai-khoi-u-ac-tinh-4624282.html
Nội soi đặt stent cho cụ ông có hai khối u ác tính ,"Giữa tháng 6, ông Quang Thắng (85 tuổi, Biên Hoà, Đồng Nai) đến thăm khám ở Bệnh viện Đa khoa Tâm Anh trong tình trạng ăn vào ói ra, bụng chướng đầy, ho nhiều, nuôi ăn bằng đường truyền tĩnh mạch.
Người nhà của ông Thắng chia sẻ, năm 2020, ông đi ngoài ra máu nên đi khám ở một bệnh viện phát hiện có hai khối u ác tính ở hang vị (dạ dày) và trực tràng. Bác sĩ có chỉ định phẫu thuật nhưng do lớn tuổi nên ông không muốn vì sợ nguy hiểm đến tính mạng, chỉ xin đơn thuốc điều trị tại nhà.
Gần đây, những triệu chứng cũ chuyển biến nặng hơn, cơ thể ông gầy sút, sức khỏe yếu. Người nhà đưa ông đến bệnh viện khám, mong ông có thể ăn uống lại bằng đường miệng. Lúc này, ngoài những biểu hiện trên, ông còn phải đặt ống sonde dạ dày, giúp đẩy dịch từ bao tử ra ngoài.
TS.BS Phạm Hữu Tùng (Phó giám đốc Trung tâm Nội soi và Phẫu thuật nội soi tiêu hóa TP HCM) nội soi dạ dày phát hiện người bệnh có tổn thương u ở hang vị gây bít tắc, dạ dày ứ đọng nhiều dịch và thức ăn. Trực tràng cũng có khối u gây hẹp lòng, khiến máy soi không thể qua được. Người bệnh cùng lúc tắc phần trên của dạ dày và phần dưới đại tràng nên thức ăn không tiêu hóa và đường ruột không lưu thông được. Bác sĩ cần nội soi đặt stent ở cả dạ dày và đại tràng cho người bệnh gấp để mở thông đường tiêu hóa, cải thiện tình trạng bít tắc.
Bác sĩ Hữu Tùng trong một ca phẫu thuật nội soi cho người bệnh. Ảnh: 
Sau gần hai giờ, bác sĩ rút hết dịch trong dạ dày và nội soi đặt hai stent kim loại dài 12 cm, đường kính mở tối đa 2,2 cm đi qua vị trí hẹp do khối u gây ra ở dạ dày và trực tràng. Stent kim loại mở rộng trong dạ dày, thức ăn có thể lưu thông xuống ruột. Người bệnh phục hồi tốt, có thể uống sữa và ăn đồ lỏng qua đường miệng sau 24 giờ. Bác sĩ lưu ý bệnh nhân ăn thức ăn phải nhai thật kỹ, nhuyễn để tránh thức ăn bị vướng vào stent gây tắc nghẽn lòng stent.
Con của ông Thắng chia sẻ: ""Bố tôi vui khi có thể ăn uống trở lại bằng đường miệng sau bao ngày nuôi ăn bằng đường truyền tĩnh mạch. Giờ thì ông không còn phải sợ phiền hà đến con cháu"".
Bệnh nhân bị 
 và trực tràng nếu không phẫu thuật, thời gian kéo dài khiến khối u tiến triển, xâm lấn gây hẹp môn vị, gây ứ đọng thức ăn và dịch dạ dày, nôn ói và không thể ăn qua đường miệng.
Bác sĩ Hữu Tùng chia sẻ thêm, đặt stent là phương pháp điều trị giảm nhẹ cho những trường hợp không còn khả năng phẫu thuật, điều trị triệt để. Đặt stent giúp người bệnh có thể ăn uống bình thường, hấp thu nhiều dưỡng chất, giảm áp lực cho cơ quan tiêu hóa, nhờ đó, loại trừ các triệu chứng khó chịu và làm tăng chất lượng cuộc sống. 
 là kỹ thuật ít xâm lấn, thực hiện trong thời gian ngắn, an toàn với người lớn tuổi. Tuy nhiên, để thực hiện phương pháp này, đòi hỏi đội ngũ bác sĩ có kinh nghiệm chuyên môn, có hệ thống máy móc hiện đại hỗ trợ.",Quyên Phan,"Thứ hai, 3/7/2023, 09:00 (GMT+7)",https://vnexpress.net/noi-soi-dat-stent-cho-cu-ong-co-hai-khoi-u-ac-tinh-4624282.html
Tái tạo thực quản bằng ống dạ dày cho người ung thư ,"Ông Nam đến Bệnh viện Đa khoa Tâm Anh Hà Nội khám, vào tháng 5, do khó thở, nuốt nghẹn, sút cân hai tháng qua. Kết quả nội soi, chụp cắt lớp vi tính và PET/CT cho thấy loét thực quản, thâm nhiễm, có nhiều hạch trung thất (ở lồng ngực), hạch cổ.
Bác sĩ chẩn đoán người bệnh mắc ung thư 1/3 dưới thực quản giai đoạn ba, cần hóa xạ trị, sau đó phẫu thuật nội soi cắt thực quản, nạo vét hạch và tạo hình thực quản. PGS.TS.BS Triệu Triều Dương, Giám đốc khối Ngoại cho biết đây là một trong những loại phẫu thuật ung thư đường tiêu hóa phức tạp.
Người bệnh cần nghỉ ngơi trong hai tháng, tập vật lý trị liệu về hô hấp để phòng chống, giảm thiểu biến chứng sau khi phẫu thuật.
Theo phó giáo sư Dương, người bệnh có tiền sử tiểu đường, uống rượu, hút thuốc trên 40 năm. Thay vì mổ mở, ê kíp nội soi toàn phần cả đường ngực và đường bụng, giúp giảm thiểu rủi ro biến chứng, giảm đau. Sau khi cắt toàn bộ thực quản, bác sĩ dùng cuộn dạ dày tự thân tái tạo thực quản mới. Bệnh nhân tỉnh táo sau hai ngày, vết mổ không đau, có thể đi lại, tập ăn sau 10 ngày và xuất viện vào 10/7.
Ê kíp phẫu thuật cho người bệnh. Ảnh: 
Phó giáo sư Dương cho biết thực quản người lớn dài khoảng 25 cm, quá trình phẫu thuật nội soi, nạo vét hạch phải trải qua ba thì gồm thì ngực, bụng và cổ. Bộ phận này liên quan đến nhiều tạng quan trọng như tim, phổi, khí phế quản, động tĩnh mạch chủ, hệ thống thần kinh quặt ngược.
Hiện, nhiều ca phẫu thuật nội soi đường ngực và bụng điều trị ung thư thực quản được bác sĩ thực hiện tại 
 cho kết quả khả quan. Phương pháp này có nhiều ưu điểm như vết mổ nhỏ, thao tác phẫu thuật thuận lợi, giảm lượng máu mất, giảm tỷ lệ biến chứng, thời gian nằm viện ngắn và phục hồi nhanh.
TS.BS Vũ Hữu Khiêm, Trưởng khoa Ung bướu, cho biết thêm 
 đứng hàng thứ 4 trong các ung thư đường tiêu hóa tại Việt Nam. Đây là bệnh lý ác tính, có tiên lượng xấu do bệnh nhân thường đến viện ở giai đoạn muộn. Dù đã có nhiều tiến bộ trong điều trị nhưng tỷ lệ sống 5 năm của người bệnh chỉ khoảng 15-25%. Người bệnh cần thăm khám định kỳ, nội soi dạ dày, đại tràng để tầm soát sớm ung thư đường tiêu hóa. Phát hiện ung thư càng sớm khả năng điều trị khỏi càng cao.
*",Lục Bảo,"Thứ tư, 12/7/2023, 15:00 (GMT+7)",https://vnexpress.net/tai-tao-thuc-quan-bang-ong-da-day-cho-nguoi-ung-thu-4628319.html
Nguyên nhân đau bụng sau ăn trái cây ,"Trái cây thường được khuyến khích trong chế độ ăn lành mạnh vì giàu vitamin, khoáng chất và chất xơ. Mọi người có thể ăn trái cây trực tiếp hoặc chế biến đa dạng thành nhiều món, dễ sử dụng, ngon miệng. Một số người hay bị đau bụng sau ăn trái cây có thể do các tác dụng phụ dưới đây.
Fructose là một trong những loại đường tự nhiên có trong trái cây, nước ép trái cây, một số loại rau và mật ong. Hầu hết trái cây sấy khô và đóng hộp đều chứa hàm lượng fructose cao.
Kém hấp thu fructose là tình trạng các tế bào của ruột non không thể hấp thụ đường đúng cách. Tình trạng này có thể di truyền do thiếu một loại enzyme phân hủy đường. Triệu chứng thường gồm sinh nhiều khí, đầy hơi, tiêu chảy, táo bón, đau dạ dày...
Kém dung nạp fructose có thể dẫn đến các biến chứng nghiêm trọng như tổn thương gan và thận do tích tụ fructose không thể tiêu hóa. Người bệnh có triệu chứng buồn nôn, nôn ói, tiêu chảy, đau bụng dai dẳng, đường huyết thấp. Trường hợp nghiêm trọng có thể dẫn đến co giật hoặc hôn mê. Người thường xuyên bị đau bụng sau khi ăn trái cây nên đi khám để kiểm tra có bị không dung nạp fructose hay kém hấp thu không.
Những người không dung nạp hoặc nhạy cảm với thực phẩm khó tiêu hóa một số thành phần nhất định ví dụ trái cây. Triệu chứng gồm tiêu chảy, đầy hơi do sinh quá nhiều khí, đau đầu, 
, đau bụng... Xét nghiệm máu góp phần giúp người bệnh kiểm tra có gặp tình trạng không dung nạp trái cây hay không.
Trái cây giàu chất xơ và chất dinh dưỡng. Ảnh: 
Dị ứng trái cây không phổ biến nhưng vẫn có thể xảy ra. Người bệnh thường cảm thấy buồn nôn sau khi ăn trái cây, miệng ngứa hoặc tê, nổi mề đay, sưng lưỡi, cổ họng, đau họng, tiêu chảy... Không dụng nạp thực phẩm khác dị ứng thực phẩm. Không dung nạp có xu hướng gây ra các vấn đề về tiêu hóa, trong khi phản ứng dị ứng thường dẫn đến các vấn đề liên quan đến hô hấp hoặc da hơn.
Chất xơ là một phần thiết yếu của chế độ ăn uống cân bằng, đóng vai trò quan trọng đối với sức khỏe đường ruột. Ăn nhiều chất xơ giúp giảm táo bón, duy trì cân nặng phù hợp nhờ tạo cảm giác no. Trái cây như mâm xôi, táo, lê, chuối, cam, dâu tây, xoài... cung cấp chất xơ dồi dào. Tuy nhiên, ăn quá nhiều chất xơ quá một lúc có thể dẫn đến các triệu chứng khó chịu như đầy hơi, chướng bụng và chuột rút.
Ăn từ từ, tăng dần lượng chất xơ hấp thụ trong vài tuần cho hệ tiêu hóa thích nghi, giúp giảm đau dạ dày. Phụ nữ trưởng thành nên ăn 22-28 g chất xơ, nam giới có thể nhiều hơn khoảng 28-34 g mỗi ngày.
Bệnh 
 thực quản (GERD) là tình trạng axit trong dạ dày liên tục trào ngược lên thực quản. Triệu chứng gồm ợ nóng, nôn trớ, cảm giác thức ăn mắc kẹt trong cổ họng, ho, đau ngực, khó nuốt, đau họng, đau dạ dày. Người bị trào ngược dạ dày thực quản ăn một số loại thực phẩm khác có thể làm trầm trọng thêm các triệu chứng. Một số trái cây nhiều axit mà người mắc bệnh này nên hạn chế như cà chua, chanh, cam, bưởi...
 (Theo 
)",Không tiêu hóa fructose,"Thứ năm, 22/8/2024, 15:00 (GMT+7)",https://vnexpress.net/nguyen-nhan-dau-bung-sau-an-trai-cay-4784293.html
7 loại trà giúp giảm đầy hơi ,"Đầy hơi là cảm giác đầy bụng hoặc khó chịu ở bụng do tích tụ quá nhiều khí hoặc chất lỏng trong hệ tiêu hóa. Chế độ ăn uống có thể ảnh hưởng đến tình trạng đầy hơi. Các loại trà chứa hàm lượng chất oxy hóa cao, có khả năng kháng viêm, cải thiện quá trình tiêu hóa và đầy hơi.
 có đặc tính chống viêm tự nhiên giúp quá trình di chuyển thức ăn qua đường ruột dễ dàng hơn, giảm khó chịu. Nó còn chứa hợp chất gingerol có tác dụng cải thiện đầy hơi và buồn nôn. Trà gừng làm dịu tổn thương đường tiêu hóa, ngăn ngừa đau dạ dày, tăng cường nhu động ruột.
 chứa hợp chất thực vật flavonoid có khả năng ức chế hoạt động của các tế bào mast - tế bào miễn dịch gây đầy hơi, chướng bụng. Những hợp chất này còn có tính kháng viêm, giúp ngừa viêm niêm mạc ruột, làm dịu các triệu chứng khó tiêu. Uống trà bạc hà hỗ trợ giảm co thắt ruột, thư giãn hệ tiêu hóa, từ đó ít xảy ra đầy bụng và ợ hơi.
. Chanh chứa nhiều axit citric kích thích sản xuất axit dạ dày, hỗ trợ quá trình tiêu hóa thức ăn hiệu quả hơn. Điều này giúp giảm tình trạng thức ăn ứ đọng trong 
 gây đầy hơi. Uống trà chanh ấm làm dịu hệ tiêu hóa, hạn chế các cơn co thắt ruột, chướng bụng và khó chịu.
 cung cấp các hợp chất catechin và polyphenol có đặc tính chống viêm. Uống trà xanh kích thích dịch vị, tăng cường quá trình tiêu hóa thức ăn. Nó còn có khả năng cân bằng hệ vi sinh đường ruột, tăng lợi khuẩn, ức chế vi khuẩn gây hại, giảm triệu chứng đầy hơi và khó tiêu.
Trà xanh chứa catechin và polyphenol giúp chống viêm. Ảnh: 
 chứa các hợp chất chống viêm, làm dịu hệ tiêu hóa. Chiết xuất hoa cúc có tác dụng thư giãn các cơ trơn trong đường ruột, hạn chế các cơn co thắt, hỗ trợ quá trình tiêu hóa thức ăn.
 góp phần làm ấm dạ dày, tăng cường tuần hoàn máu, hỗ trợ tiêu hóa thức ăn tốt hơn. Các hợp chất thực vật trong tía tô còn làm dịu cơ trơn, giảm co thắt và khí trong đường ruột, hạn chế tình trạng 
. Loại trà này còn có khả năng kháng viêm, tiêu diệt các vi khuẩn gây hại trong đường tiêu hóa.
 gồm hợp chất thearubigin cải thiện chứng khó tiêu, theaflavin hoạt động như chất chống oxy hóa, ngừa loét dạ dày. Uống trà đen cũng giúp tăng cường tiêu hóa.
 (Theo 
)",Trà gừng,"Thứ hai, 26/8/2024, 10:00 (GMT+7)",https://vnexpress.net/7-loai-tra-giup-giam-day-hoi-4785622.html
Những điều không nên làm sau khi nội soi tiêu hóa ,"Nội soi tiêu hóa bao gồm nội soi đường tiêu hóa trên (thực quản, dạ dày, tá tràng) và nội soi đường tiêu hóa dưới (đoạn cuối hồi tràng, đại tràng, trực tràng). Bác sĩ, Tiến sĩ Vũ Trường Khanh (Trưởng khoa Tiêu hóa, Bệnh viện Đa khoa Tâm Anh Hà Nội) cho biết, đây được xem là phương pháp ""tiêu chuẩn vàng"" giúp phát hiện, can thiệp, điều trị hiệu quả nhiều bệnh tiêu hóa, trong đó, có ung thư giai đoạn sớm.
Nội soi giúp bác sĩ trực tiếp quan sát những tổn thương trong lòng ống tiêu hóa, lấy mẫu tổn thương để sinh thiết niêm mạc tìm vi khuẩn H.P hoặc giải phẫu bệnh lý, từ đó, đưa ra chẩn đoán và điều trị. Ngoài ra, phương pháp này còn hỗ trợ can thiệp điều trị một số vấn đề tiêu hóa như lấy dị vật, cầm máu, cắt polyp, nong hẹp, đặt stent...
Ngoài yêu cầu về trang thiết bị máy móc hiện đại; kiến thức, kỹ năng của bác sĩ; hiệu quả chẩn đoán, can thiệp điều trị qua nội soi còn phụ thuộc vào sự phối hợp của người bệnh. Để việc chẩn đoán chính xác và hạn chế các rủi ro, người bệnh cần thực hiện đúng các hướng dẫn của bác sĩ trước và sau khi nội soi. Dưới đây là những điều nên tránh để giảm thiểu sự khó chịu sau khi nội soi tiêu hóa theo gợi ý của Tiến sĩ Khanh.
Thủ thuật nội soi có thể khiến người bệnh bị đau rát họng, khó nuốt nước bọt. Sau khi nội soi dạ dày, người bệnh cần vệ sinh răng miệng bằng nước muối sinh lý để hạn chế viêm nhiễm, sát trùng vùng miệng, họng. Bạn nên hạn chế nói nhiều trong ngày đầu; không khạc nhổ vì có thể khiến họng dễ bị kích thích hoặc tổn thương, tăng cảm giác đau rát và nguy cơ viêm nhiễm.
Bác sĩ khoa Tiêu hóa thực hiện nội soi can thiệp cắt u đại tràng cho bệnh nhân. Ảnh: 
Để thực hiện nội soi, người bệnh thường được bác sĩ chỉ định sử dụng thuốc an thần, giảm đau hoặc gây mê. Ngoài ra, trước khi làm thủ thuật, người bệnh được khuyến cáo nhịn ăn trong vòng 6-8 tiếng. Điều này có thể khiến người bệnh bị hoa mắt, chóng mặt, run hoặc yếu chân tay. Nếu không nghỉ ngơi và tự lái xe sẽ không đảm bảo an toàn.
Sau khi nội soi, tốt nhất người bệnh nên nghỉ ngơi khoảng một giờ để tan hết thuốc mê, theo dõi huyết áp, nhịp thở. Người bệnh không nên tự lái xe trong ngày nội soi, nên nghỉ ngơi và làm việc bình thường vào ngày hôm sau.
Ăn uống không điều độ, chế độ dinh dưỡng mất cân bằng, sử dụng thực phẩm không phù hợp có thể khiến cảm giác đau chướng bụng, buồn nôn, mệt mỏi sau 
 kéo dài. Theo Tiến sĩ Khanh, người bệnh sau nội soi tỉnh táo hoàn toàn, bạn có thể uống nước lọc hoặc sữa tươi mát, cháo để giảm cơn đói và cảm giác nóng rát ở họng. Tránh sử dụng sữa hoặc nước chứa nhiều đường do vị ngọt có thể làm tăng cảm giác đau rát khó chịu ở vòm họng. Nếu nội soi đơn thuần không phải làm các thủ thuật can thiệp, người bệnh có thể ăn uống như bình thường ngay ngày hôm sau.
Khi tiến hành nội soi, ống tiêu hóa có thể bị tổn thương. Để tránh gây kích thích những vùng tổn thương này, người bệnh không nên uống các loại nước ép hoa quả chua như nước cam, bưởi, dứa, cóc... Thuốc lá, cà phê, bia rượu, nước ngọt có gas hoặc trà đặc có thể gây hại lớp niêm mạc dạ dày, khiến dạ dày bị tổn thương, không nên dùng.
Uống rượu bia hoặc nước có gas sau khi nội soi có thể gây hại niêm mạc dạ dày. Ảnh: 
, bác sĩ sẽ hẹn lịch tái khám để theo dõi, người bệnh không nên chủ quan bỏ qua bước này. Tuân thủ theo hướng dẫn của bác sĩ giúp nhanh chóng khắc phục tình trạng bệnh, tăng hiệu quả điều trị, hạn chế tối đa biến chứng và tiết kiệm chi phí.
Tiến sĩ Khanh khuyến cáo thêm, sau khi nội soi dạ dày đại tràng, người bệnh có thể buồn nôn, đau chướng bụng hoặc đi tiêu ra máu trong vòng 1-2 ngày sau can thiệp cắt polyp hoặc sinh thiết.... Các triệu chứng này thường sẽ sớm cải thiện sau đó. Tuy nhiên, nếu nôn kéo dài và nôn ra máu; đau ngực, đau bụng dữ dội; đi tiêu ra máu nhiều; sốt; chóng mặt..., người bệnh cần đi khám ngay để được bác sĩ hỗ trợ.",Không vệ sinh răng miệng,"Thứ bảy, 1/7/2023, 09:00 (GMT+7)",https://vnexpress.net/nhung-dieu-khong-nen-lam-sau-khi-noi-soi-tieu-hoa-4623953.html
