title,content,author,date,location,url
6 biến chứng ung thư phổi ,"Ung thư phổi có thể gây ra các vấn đề sức khỏe liên quan đến bệnh hoặc do tác dụng phụ của phương pháp điều trị. Theo Hiệp hội Ung thư Mỹ, bệnh ở giai đoạn đầu thường khó nhận biết, chỉ phát hiện khi khối u phát triển lớn hoặc đã lan rộng.Ung thư phổi lan sang các bộ phận khác nhau trên cơ thể gọi là di căn, thường ở não, xương, gan và tuyến thượng thận. Điều này có thể dẫn đến các triệu chứng không chỉ ở phổi, ngực mà còn ở các cơ quan khác, tăng nguy cơ tử vong.Cơn đau có thể xảy ra ở ngực hoặc các vị trí ung thư lan rộng. Người bệnh có thể cảm thấy đau khi hít thở sâu, ho hoặc cười. Khối u di căn đến não hoặc xương có thể dẫn đến đau đầu, lưng và hông. Cơn đau ban đầu chỉ thoáng qua, cảm giác khó chịu nhưng theo thời gian có thể dai dẳng.Khối u chèn ép đường thở gây khó thở, đôi khi còn do tràn dịch màng phổi (chất lỏng tích tụ quanh phổi), thu hẹp dung tích phổi. Một số loại ung thư phổi cũng làm gia tăng sản xuất chất nhầy, từ đó gây ra các vấn đề hô hấp, bao gồm khó thở.Một số gợi ý để kiểm soát khó thở như uống nhiều nước, sử dụng máy tạo độ ẩm để làm loãng chất nhầy, bỏ hút thuốc lá. Tập thể dục nhẹ nhàng theo chỉ dẫn của bác sĩ, các bài tập thở góp phần tăng lượng oxy trong máu, giúp , điều hòa hơi thở tốt hơn.Khối u phát triển gần tim hoặc các mạch máu lớn trong cơ thể làm tắc nghẽn tĩnh mạch và động mạch, khiến người bệnh sưng ở ngực, cổ hoặc mặt. Một số người cũng bị đau đầu, chóng mặt, gặp vấn đề về thị lực, mệt mỏi, nhịp tim nhanh.Người bệnh ung thư phổi có thể đau ngực hoặc gặp các vấn đề về tim khác. Ảnh: Ung thư phát triển gần thực quản (ống nối cổ họng với dạ dày) có thể khiến người bệnh nuốt, đau cổ lúc ăn hoặc uống. Phương pháp điều trị bằng bức xạ khối u cũng gây ra những vấn đề này do niêm mạc thực quản tổn thương tạm thời .Ung thư lan đến xương có nguy cơ yếu xương, gãy xương. Bác sĩ chỉ định một số loại thuốc để ngăn chặn tình trạng mất xương hoặc hạn chế tổn thương cho bệnh nhân.Nhiều nguyên nhân gây ra mệt mỏi nhưng nếu do , người bệnh có thể cảm thấy kiệt sức kéo dài. Điều này còn có thể do ung thư lan rộng trong cơ thể hoặc tác dụng phụ của điều trị. Để giảm mệt mỏi, người bệnh nên nghỉ ngơi, ăn uống hợp lý, tập thể dục vừa phải theo hướng dẫn của bác sĩ.Một số biến chứng của ung thư phổi có thể được điều trị bằng thuốc, một số thay đổi lối sống, thói quen lành mạnh. Người bệnh cần trao đổi với bác sĩ khi gặp bất kỳ biến chứng nào để có biện pháp cải thiện phù hợp.(Theo )",Đau ,"Chủ nhật, 3/12/2023, 08:00 (GMT+7)",,https://vnexpress.net/6-bien-chung-ung-thu-phoi-4683906.html
6 dấu hiệu cảnh báo sớm bệnh ung thư phổi ,"Ung thư phổi thường xảy ra ở những người hút thuốc lâu năm, tuy nhiên, số người không hút thuốc được chẩn đoán mắc bệnh ung thư phổi đang gia tăng. Theo Hiệp hội Ung thư Mỹ (ACS), 20% những người tử vong vì ung thư phổi chưa bao giờ hút thuốc. Ung thư phổi dường như đang gia tăng ở những người 30-40 tuổi, chưa từng hút thuốc. Nguyên nhân tiềm ẩn gây ung thư phổi ở nhóm người này có thể do nồng độ radon cao trong nhà, hút thuốc thụ động và tiền sử gia đình.ACS cho biết, ô nhiễm không khí nặng và các chất gây ung thư như amiăng cũng có thể là nguyên nhân. Tuy nhiên, không có cách nào dễ dàng xác định bệnh ung thư phổi ở những người không hút thuốc. Các bác sĩ có thể tầm soát ung thư phổi bằng phương pháp chụp cắt lớp vi tính liều thấp (LDCT). Nếu không sàng lọc, rất khó để phát hiện mắc ung thư phổi ở giai đoạn đầu vì phổi có ít đầu dây thần kinh nên tế bào ung thư dễ dàng phát triển mà không gây khó chịu cho người bệnh.Thời điểm người bệnh gặp các triệu chứng liên quan đến ung thư phổi phải đi khám bác sĩ, có thể bệnh đã tiến triển nặng.Do sự gia tăng bệnh ung thư phổi ở những người hầu như không có các yếu tố nguy cơ, nên việc chú ý đến các dấu hiệu sức khỏe là điều rất quan trọng. Dưới đây là một số dấu hiệu cảnh báo sớm bệnh ung thư phổi cần được lưu ý.Khó thở là một trong những triệu chứng chính của Covid-19 và cũng là một biểu hiện của bệnh ung thư phổi. Khi các tế bào ung thư bắt đầu nhân lên với tốc độ nhanh chóng trong phổi, chúng sẽ chặn hoặc thu hẹp đường thở, làm giảm luồng không khí vào phổi. Điều này khiến người bệnh khó hít thở lượng không khí cần thiết để vận chuyển đến tất cả bộ phận của cơ thể, làm cho họ cảm thấy khó thở.Nếu bạn là một người năng động nhưng phải thở dốc sau khi lên vài bậc cầu thang hoặc làm các công việc từng thấy dễ dàng thì đây là triệu chứng bất thường và đáng lo ngại.Ngoài ra, khi đường thở bị co thắt, tắc nghẽn hoặc bị viêm, phổi có thể tạo ra tiếng thở khò khè hoặc tiếng rít. Triệu chứng này có thể do nhiều nguyên nhân, một số nguyên nhân lành tính và dễ điều trị. Tuy nhiên, thở khò khè cũng có thể là một dấu hiệu của ung thư phổi. Vì vậy, bạn không nên cho rằng thở khò khè là do hen suyễn hoặc dị ứng, hãy thăm khám bác sĩ để xác nhận nguyên nhân.Ho dai dẳng, khó thở có thể là biểu hiện sớm của bệnh ung thư phổi. Ảnh: Cảm lạnh có thể gây khàn giọng, nhưng triệu chứng này có thể cảnh báo điều gì đó nghiêm trọng hơn khi kéo dài. Nếu giọng nói của bạn trầm hơn, khàn hơn không rõ nguyên nhân, hãy lưu ý. Khàn giọng liên quan đến ung thư phổi có thể xảy ra khi khối u ảnh hưởng đến dây thần kinh điều khiển thanh quản. Khi dây thần kinh bị nén, nó có thể làm tê liệt dây thanh âm, khiến giọng nói bị thay đổi.Cảm lạnh, cúm hoặc Covid-19 có thể gây ra triệu chứng ho. Ho là một cách để cơ thể ngăn chặn các hạt lạ xâm nhập vào đường thở và phổi nhưng ho kéo dài là dấu hiệu đầu tiên của bệnh ung thư phổi.Triệu chứng ho của các bệnh cảm lạnh, cúm hoặc Covid-19 có thể kéo dài trung bình 18 ngày. Tuy nhiên, ho khan, dai dẳng, kéo dài khoảng 4-6 tuần hoặc lâu hơn, có thể là dấu hiệu cảnh báo bạn cần chụp X-quang để kiểm tra phổi.Bác sĩ Wert cho biết, những người trẻ thích vận động nhưng tim đập nhanh bất thường khi hoạt động tối thiểu, có thể là dấu hiệu về vấn đề sức khỏe.Một nghiên cứu được công bố trên  thuộc Trung tâm Thông tin Công nghệ sinh học Quốc gia Mỹ (NCBI) vào tháng 3/2020 cho thấy, bệnh nhân ung thư bị suy giảm chức năng tim mạch. Theo đó, nhịp tim tăng cao khi nghỉ ngơi là một dấu hiệu cảnh báo bệnh ung thư, trong đó có ung thư phổi.Ho ra máu không bao giờ là bình thường và cần được xử trí khẩn cấp. Các nguyên nhân có thể bao gồm ung thư phổi, viêm phế quản, nhiễm virus hoặc vi khuẩn.Ho ra máu có thể báo hiệu tình trạng mất máu, dẫn đến hạ huyết áp và ngất xỉu. Máu rò rỉ trong phổi có thể đông lại trong phế quản (đường dẫn khí) hoặc phế nang (túi khí), có khả năng cản trở quá trình trao đổi oxy và carbon dioxide khi người bệnh cố gắng thở.Thông thường, ho ra máu không gây đau đớn, nhưng đôi khi ho dữ dội cũng có thể kèm theo đau tức ngực.Sụt cân không rõ nguyên nhân từ 4 kg trở lên trong một thời gian ngắn có thể là dấu hiệu của tình trạng sức khỏe tiềm ẩn, một trong số đó có thể là ung thư phổi. Sự phát triển của các tế bào ung thư có thể dẫn đến chán ăn và thay đổi trọng lượng cơ thể. Khi mắc bất kỳ loại ung thư nào, năng lượng tạo ra từ thực phẩm bạn tiêu thụ sẽ bị tiêu hao bởi các tế bào ung thư, dẫn đến mệt mỏi và sụt cân. Sự thay đổi cân nặng là một dấu hiệu sức khỏe quan trọng không nên bỏ qua.Bên cạnh đó, sốt không liên quan đến bệnh tật, hoặc đổ mồ hôi nhiều về đêm cũng là các triệu chứng có thể liên quan đến bệnh ung thư phổi.
(Theo )",Khó thở,"Thứ bảy, 9/4/2022, 14:00 (GMT+7)",,https://vnexpress.net/6-dau-hieu-canh-bao-som-benh-ung-thu-phoi-4449179.html
U phổi lành tính phát hiện sớm sẽ giảm nguy cơ biến chứng ,"GS.TS.BS Ngô Quý Châu - Giám đốc chuyên môn kiêm Cố vấn cao cấp, Bệnh viện Đa khoa Tâm Anh Hà Nội, cho biết, khối u có thể hiểu đơn giản là sự tích tụ bất thường của mô khi các tế bào phân chia quá nhanh hoặc không chết đi như bình thường. Khối u phổi xuất hiện ở nhu mô phổi hoặc trong đường dẫn khí trong phổi. Các khối u phổi có thể là ác tính (ung thư) hoặc lành tính (không phải ung thư).U phổi lành tính cần được phát hiện sớm và theo dõi chặt chẽ. Ảnh: ShutterstockNốt phổi là một ""điểm trên phổi"", có thể nhìn thấy trên phim chụp X-quang hoặc chụp cắt lớp vi tính (CT). Nốt phổi có thể đứng một mình đơn độc hoặc nhiều nốt sát nhau.Nốt phổi của bạn thường có tính chất là lành tính nếu: bạn chưa đến 40 tuổi: không hút thuốc lá, gia đình không có tiền sử đặc biệt, nốt có bờ đều mềm mại, giới hạn rõ: nốt phổi có kích thước nhỏ.Khối u phổi được xem là lành tính khi các tế bào trong khối u là tế bào bình thường. Đồng thời, khối u phát triển chậm, tại chỗ, không xâm lấn các tổ chức lân cận và không lan rộng đến các khu vực khác của cơ thể (di căn).Khối u lành tính nếu được phát hiện sớm và điều trị kịp thời thì không nguy hiểm, có thể chữa khỏi hoàn toàn và không tái phát. Ngược lại, nếu để khối u phát triển lớn, chèn ép vào khí quản, các phế quản lớn gây rối loạn nghiêm trọng chức năng phổi, xẹp phổi, viêm phổi dưới chít hẹp, hoặc chèn ép vào tim, các mạch máu lớn...thì có thể nguy hiểm đến tính mạng.GS Ngô Quý Châu cho biết, các bác sĩ phân biệt khối u phổi lành tính và ác tính dựa trên các đặc điểm sau:Tốc độ phát triển: Các khối u ác tính có xu hướng phát triển nhanh chóng, với thời gian nhân đôi dưới 18 tháng. Trong khi đó, khối u lành ở phổi thường phát triển chậm, có trường hợp còn nhỏ lại.Khả năng tái phát: Cả khối u lành tính và ác tính đều có khả năng tái phát sau khi được cắt bỏ. Thế nhưng, khối u lành luôn tái phát tại vị trí cũ, còn u ác có thể phát triển ở các vị trí xung quanh.Sự xâm lấn: Khác với khối u ác tính, khối u lành tính không xâm lấn lên các bộ phận xung quanh.Nguy cơ đe dọa sức khỏe: Trong khi căn bệnh ung thư phổi là mối đe dọa lớn đến tính mạng người bệnh, thì hầu hết các khối u phổi lành tính có thể được kiểm soát. Chúng chỉ gây nguy hiểm nếu để khối u phát triển lớn, chèn ép vào khí quản, các phế quản lớn gây rối loạn nghiêm trọng chức năng phổi, xẹp phổi, viêm phổi dưới chít hẹp... Một số u lúc đầu lành tính nhưng có thể ác tính hóa sau này dù với tỉ lệ thấp.Tuổi khởi phát: các khối u phổi ác tính thường xảy ra ở người lớn. Ngược lại, u phổi lành tính có thể gặp ở mọi lứa tuổi.Các loại khối u và nốt lành tính ở phổi bao gồm:Hamartoma là loại u phổi lành tính phổ biến nhất. Chúng chiếm khoảng 55% trong số các khối u phổi lành tính và 8% trong số các khối u phổi. Khoảng 80% Hamartoma được tìm thấy ở phần mô liên kết của phổi. Phần còn lại xuất hiện bên trong các ống phế quản (đường dẫn khí đến phổi).Hamartoma được tạo thành từ các mô như sụn, mô liên kết, chất béo và cơ nhưng với số lượng bất thường. Chúng thường có đường kính dưới 4cm và xuất hiện trong phim chụp X-quang ngực dưới dạng một khối tròn giống như đồng xu hay hình dạng lông cừu hoặc bỏng ngô. Tin vui là Hamartoma thường khu trú trong một khu vực giới hạn chứ không có khả năng chèn ép các mô lân cận. Hamartoma thường gặp ở nam giới độ tuổi từ 50 - 70.U tuyến phế quản là một loại u phổi lành tính phổ biến khác. Chúng phát triển trong tuyến nhầy hoặc ống dẫn khí lớn của phổi (phế quản).So với Hamartoma và u tuyến phế quản, u nhú là loại u phổi lành tính ít phổ biến hơn. Chúng phát triển trong các ống phế quản, nhô ra khỏi bề mặt nơi chúng bám vào. Papilloma được chia thành 3 loại:U nhú dạng vảy: Dạng u nhú này có thể xảy ra ở cả trẻ em và người lớn. Đây là kết quả của tình trạng nhiễm virus u nhú ở người. Trong một số trường hợp hiếm hoi, những khối u này có thể chuyển đổi ác tính và trở thành ung thư.U nhú dạng tuyến: ít phổ biến hơn u nhú vảy và chủ yếu gặp ở người lớn. Chúng hầu như luôn xuất hiện dưới dạng một nốt, nằm ở trung tâm phổi. Chưa xác định được nguyên nhân gây ra u nhú dạng tuyến.U nhú dạng vảy và tuyến hỗn hợp: Những u nhú này chứa hỗn hợp các mô u nhú cả dạng vảy và tuyến.Các khối u lành tính hiếm gặp khác bao gồm u chondromas, fibromas, neurofibromas và lipomas. Những khối u này được tạo thành từ mô liên kết hoặc mô mỡ.Các khối u phổi lành tính thường không gây ra triệu chứng rõ rệt. Điều này lý giải tại sao chúng chỉ được phát hiện một cách tình cờ khi chụp X-quang phổi hoặc chụp CT. Trong một số trường hợp, bệnh nhân u phổi có thể có các biểu hiện như: thở khò khè; ho kéo dài, ho ra máu; hụt hơi; khàn tiếng; sốt, nhất là khi kèm theo viêm phổi; sụt cân, mệt mỏi. Khi đó, người bệnh cần đến gặp bác sĩ ngay để được chẩn đoán chính xác bệnh và có hướng can thiệp đúng cách.Người bị u phổi lành tính thường xuất hiện triệu chứng ho kéo dài, ho ra máu. . Ảnh: ShutterstockỞ giai đoạn đầu, các khối u phổi lành tính không biểu hiện bằng bất kỳ triệu chứng rõ rệt nào, do đó người bệnh hoàn toàn không cảm nhận được cơn đau. Trong một số ít trường hợp khối u phát triển lớn hơn và chèn ép các bộ phận xung quanh, có thể khiến bệnh nhân đau dữ dội vùng ngực lan ra bả vai và vùng sau lưng. Cơn đau trở nên dữ dội hơn khi ho hoặc vận động mạnh.Cho đến nay, các bác sĩ vẫn chưa xác định được nguyên nhân chính xác dẫn tới việc hình thành các nốt phổi và u phổi lành tính. Nhìn chung, chúng thường là hậu quả của một số tình trạng như: U hạt (các chùm nhỏ tế bào bị viêm) phát triển do nhiễm vi khuẩn (như vi khuẩn lao) hoặc do nhiễm nấm (như bệnh nấm histoplasmosis); áp xe phổi (nhiễm trùng chứa đầy mủ, thường do vi khuẩn gây ra); viêm do các bệnh lý như viêm khớp dạng thấp, sarcoidosis hoặc u hạt Wegener; nhiễm virus u nhú ở người; hút thuốc lá; dị tật bẩm sinh như u nang phổi, sẹo hoặc dị dạng phổi khác.Theo GS.TS.BS Ngô Quý Châu, để chẩn đoán một nốt phổi hay khối u phổi lành tính, ngoài việc xem xét bệnh sử và khám sức khỏe tổng quát cho bệnh nhân, bác sĩ sẽ chỉ định chụp X-quang hoặc cắt lớp vi tính nhiều lần. Nếu nốt phổi giữ nguyên kích thước trong ít nhất 2 năm, nó được coi là lành tính. Tuy vậy, bác sĩ vẫn sẽ tiếp tục kiểm tra nốt phổi của bạn mỗi năm, trong tối đa 5 năm để đảm bảo rằng nó thực sự là u lành.Trong trường hợp nốt phổi, khối u phổi thay đổi về kích thước/hình dáng, bác sĩ sẽ yêu cầu bạn làm thêm các xét nghiệm khác nhằm loại trừ khả năng ung thư hoặc xác định nguyên nhân của sự thay đổi này. Những xét nghiệm này thường là: nội soi phế quản lấy dịch phế quản tìm vi khuẩn lao, nấm, tế bào ung thư hoặc sinh thiết thiết tổn thương nghi ngờ trong lòng phế quản; chụp PET/CT; sinh thiết khối u (qua nội soi phế quản hoặc sinh thiết xuyên thành ngực dưới hướng dẫn của máy CT) để xác định lành tính hay ác tính.Với các nốt phổi theo dõi là lành tính, bác sĩ có thể đề nghị bạn đi kiểm tra sức khỏe định kỳ (6 tháng/lần) nhằm theo dõi bất kỳ thay đổi nào về kích thước hoặc hình dạng của khối u.Tuy nhiên, bác sĩ sẽ chỉ định phẫu thuật để loại bỏ khối u nếu: bạn là người hút thuốc lá hoặc có nguy cơ mắc bệnh ung thư cao; bạn bị khó thở hoặc gặp phải các triệu chứng đường hô hấp khó chịu khác; các xét nghiệm cho thấy khối u có khả năng tiến triển thành ung thư; nốt phổi hoặc khối u phổi tiếp tục phát triển mà không có dấu hiệu ngừng lại.Phương pháp phẫu thuật như thế nào tùy thuộc vào vị trí và loại khối u. Bác sĩ có thể loại bỏ một phần nhỏ của khối u, một hoặc nhiều phần của một thùy, một hoặc nhiều thùy của phổi hoặc toàn bộ lá phổi. Trong mọi trường hợp, bác sĩ sẽ cố gắng loại bỏ càng ít mô càng tốt.Bác sĩ thăm khám tổng quát để chẩn đoán bệnh u phổi lành tính. Ảnh: Tâm AnhĐể phòng tránh sự hình thành nốt hoặc u phổi lành tính, bạn cần tuân thủ các điều sau:Thuốc lá là nguyên nhân gây nên 90% các bệnh liên quan đến phổi, trong đó có u phổi lành tính. Vì thế, biện pháp đầu tiên bạn cần thực hiện là bỏ thuốc ngay.Ô nhiễm không khí là một trong những nguyên nhân hàng đầu gây ra các bệnh lý hô hấp. Do đó, bạn hãy tập thói quen đeo khẩu trang mỗi khi ra đường hoặc đến nơi công cộng để ""giữ sạch"" lá phổi.Dinh dưỡng đóng vai trò quan trọng hàng đầu trong việc ngăn ngừa các bệnh mạn tính không lây, bao gồm cả u phổi lành tính. Vì thế, bạn hoàn toàn có thể phòng tránh được bệnh này bằng cách tuân thủ một thực đơn ăn uống khoa học, lành mạnh (giàu chất xơ và tinh bột có lợi; hạn chế thịt đỏ, chất béo xấu; tránh xa thức ăn nhanh, thực phẩm chế biến sẵn; ăn ít hơn 5g muối mỗi ngày).Tình trạng lười vận động không chỉ gián tiếp gây ra các bệnh lý về phổi mà còn là nguyên nhân dẫn tới sự gia tăng các ca bệnh tim mạch, tiểu đường, ung thư. Bạn nên làm quen dần với việc tập luyện đều đặn, tối thiểu 30 phút mỗi ngày, 5 ngày mỗi tuần.Chế độ vận động hợp lý giúp tăng cường sức khỏe và phòng ngừa các bệnh lý phổi. . Ảnh: ShutterstockNhững người thường xuyên làm việc trong môi trường có hóa chất độc hại cần được trang bị đồ bảo hộ phù hợp để tránh nguy cơ hít phải khói độc, lâu ngày gây nên các bệnh lý về hô hấp. Một số hóa chất được chứng minh có liên quan đến bệnh u phổi là thạch tín, crom, silic, niken... .",Nốt phổi lành tính và khối u phổi lành tính là gì?,"Thứ tư, 9/3/2022, 00:00 (GMT+7)",,https://vnexpress.net/u-phoi-lanh-tinh-phat-hien-som-se-giam-nguy-co-bien-chung-4436932.html
9 dấu hiệu cảnh báo bệnh phổi cần sớm tầm soát ,"Theo Hiệp hội phổi Mỹ, bệnh phổi bao gồm hen suyễn, bệnh phổi tắc nghẽn mạn tính (COPD), ung thư phổi và những bệnh khác. Biết các dấu hiệu cảnh báo sớm của bệnh phổi có thể giúp bạn điều trị thuận lợi. Nếu bạn đang gặp phải một hoặc nhiều hơn các triệu chứng dưới đây thì nên sớm tầm soát.Một cơn ho kéo dài từ tám tuần trở lên được coi là mạn tính. Đây là dấu hiệu quan trọng cho bạn biết có điều gì đó không ổn định trong hệ thống hô hấp.Khó thở có thể là kết quả của tình trạng thiếu oxy trong máu. Vì thế, nếu người bệnh chủ quan với chứng khó thở mà không có biện pháp điều trị có thể dẫn đến hiện tượng suy giảm nhận thức, giảm trí nhớ tạm thời, kèm theo là một loạt biến chứng nguy hiểm khác như tổn thương não, thoái hóa não, đột quỵ... Tình trạng có thể xảy ra từ nhẹ đến nặng, khó thở khi gắng sức, khó thở khi leo cầu thang, khó thở từng lúc hoặc liên tục.Tiếng thở ồn ào hoặc thở khò khè là dấu hiệu cho thấy có điều gì đó bất thường đang chặn đường thở của phổi.Tình trạng ho ra máu có thể đến từ phổi hoặc đường hô hấp trên. Mặc dù triệu chứng này có thể là dấu hiệu của ung thư phổi nhưng không có nghĩa là bạn mắc bệnh. Nhiều nguyên nhân khác có thể khiến bạn ho ra máu như: cơ bụng bị co kéo, viêm phế quản mạn tính. Dù vậy, đây không phải là triệu chứng bạn nên bỏ qua mà báo hiệu vấn đề sức khỏe, cần thăm khám bác sĩ.Đau vai ngẫu nhiên có thể là dấu hiệu cảnh báo bệnh phổi. Ảnh: HealthTrong hầu hết các trường hợp, đau vai xuất phát từ tình trạng căng cơ hoặc viêm. Nếu bạn không làm bất cứ điều gì khiến tổn thương cơ và cơn đau kéo dài hàng tuần mà không có dấu hiệu thuyên giảm, có thể cần gặp bác sĩ. Một số loại khối u phổi có thể gây ra đau vai.Giọng nói của một người có thể thay đổi do cảm lạnh. Tuy nhiên, khàn giọng kéo dài hơn vài tuần có thể là một trong những triệu chứng nghiêm trọng hơn của bệnh phổi. Bởi vì những người bị COPD không thể giữ được nhiều không khí trong phổi, họ có thể bị thay đổi giọng nói hoặc gặp khó khăn khi nói chuyện.Đau ngực không rõ nguyên nhân kéo dài một tháng hoặc hơn, đặc biệt nếu nó trở nên tồi tệ hơn khi bạn hít vào hoặc ho, cũng là một dấu hiệu cảnh báo phổi đang có vấn đề.Đa phần những người mắc COPD thường bị sụt cân bất ngờ. Số cân giảm đó là một dấu hiệu cho thấy cơ thể không thể làm việc hiệu quả. Giảm cân không đủ để chỉ ra các vấn đề về phổi nhưng nếu đi kèm với các triệu chứng khác của bệnh, bạn nên thăm khám để bác sĩ điều trị.Khi bạn mệt mỏi, một giấc ngủ ngon có thể giúp cơ thể phục hồi. Tuy nhiên, dấu hiệu này cũng có thể là một triệu chứng của một loạt bệnh. Đối với bệnh nhân ung thư phổi, sự mệt mỏi có thể xuất phát từ chức năng phổi suy giảm. Nếu bạn cảm thấy kiệt sức, xuất hiện thêm triệu chứng lạ, hãy nói chuyện với bác sĩ.",Ho mạn tính,"Thứ hai, 11/4/2022, 09:00 (GMT+7)",,https://vnexpress.net/9-dau-hieu-canh-bao-benh-phoi-can-som-tam-soat-4449693.html
Hen ở trẻ nhỏ khó chẩn đoán ,"
Con gái em năm nay vừa tròn 4 tuổi. Sức khỏe của bé ổn định từ lúc sinh ra, ít phải đi bệnh viện thăm khám. Thế nhưng, mấy tháng gần đây xuất hiện dấu hiệu ho khò khè, em cũng cho bé đi khám từ đợt Hà Nội chưa giãn cách thì bác sĩ chẩn đoán con bị viêm phế quản lâu ngày, dễ dẫn đến bệnh hen suyễn.Em rất lo lắng vì hiện tại cháu vẫn khò khè chưa dứt hẳn cơn ho. Có phải con em đã mắc hen suyễn không? Bệnh này ảnh hưởng như thế nào đến sự phát triển của trẻ nhỏ? Bệnh lý này có chữa khỏi hoàn toàn được không? Mong bác sĩ giải đáp. Hen trẻ em đặc biệt là ở trẻ em trên 5 tuổi thường khó chẩn đoán vì những lý do sau:- Nguyên nhân khò khè ở trẻ em rất đa dạng và khó xác định. Việc chẩn đoán phân biệt với các nguyên nhân khò khè khác rất phức tạp.- Triệu chứng hen ở trẻ nhỏ không điển hình, khó xác định (ví dụ triệu chứng nặng ngực...).- Các thăm dò cận lâm sàng đặc biệt là chức năng hô hấp rất khó thực hiện vì trẻ nhỏ chưa biết hợp tác.Một số triệu chứng lâm sàng gợi ý hen ở trẻ nhỏ như có khò khè kèm theo các triệu chứng ho, khó thở tái phát thường xuyên, nặng hơn về đêm và sáng sớm, xảy ra khi gắng sức, cười, khóc hay tiếp xúc với khói thuốc lá, không khí lạnh, thú nuôi, xảy ra khi không có các triệu chứng của nhiễm trùng đường hô hấp. Bệnh còn xảy ra ở những trẻ có tiền sử dị ứng như viêm mũi dị ứng, chàm da, tiền sử gia đình có cha mẹ, anh chị em ruột bị hen hoặc dị ứng.Yếu tố kích thích các đợt khởi phát hen ở trẻ em thường là do tiếp xúc với các yếu tố dị nguyên như phấn hoa, lông thú, khói thuốc lá, hóa chất; do nhiễm trùng không khí, thay đổi thời tiết...Trường hợp bé nhà bạn cần được thăm khám để loại trừ các căn nguyên gây khò khè khác. Trong trường hợp bé bị hen, bạn và gia đình không nên quá lo lắng. Hen phế quản là bệnh hoàn toàn có thể kiểm soát tốt, bé vẫn có thể học tập, tham gia một số hoạt động thể dục thể thao phù hợp, ngủ yên giấc, tránh được hầu hết các cơn hen kịch phát, duy trì được chức năng phổi và phát triển bình thường nếu được điều trị kịp thời và phù hợp. Một số trường hợp khi tới tuổi dậy thì hen sẽ nhẹ bớt.
Giám đốc chuyên môn Bệnh viện Đa khoa Tâm Anh Hà Nội",Hỏi:,"Thứ bảy, 20/11/2021, 11:30 (GMT+7)",,https://vnexpress.net/hen-o-tre-nho-kho-chan-doan-4391014.html
Phát hiện sớm bệnh hô hấp nhờ nội soi phế quản ống mềm ,"Theo BS.CKII Mã Thanh Phong (bác sĩ Hô hấp tại Khoa Nội tổng hợp, Bệnh viện Đa khoa Tâm Anh TP HCM), nội soi phế quản ống mềm được thực hiện bằng cách bác sĩ đưa ống nội soi mềm di chuyển xuống cổ họng, qua khí quản, vào phế quản, các cấp phân chia của đường hô hấp. Việc này giúp bác sĩ nội soi quan sát trực tiếp thanh quản, khí quản, phế quản, một số vùng của phổi; từ đó đưa ra chẩn đoán bệnh sớm và chính xác hơn.Ví dụ, với bệnh ung thư phổi nguyên phát, có tới 90% trường hợp bệnh phát triển bắt đầu từ tế bào nền của biểu mô phế quản. Do đó, nhờ hệ thống ánh sáng dải tần hẹp NBI, nội soi phế quản ống mềm có thể giúp phát hiện sớm ung thư phổi phế quản hiệu quả.Các bác sĩ đang thực hiện Nội soi phế quản ống mềm cho bệnh nhân tại Hệ thống Bệnh viện Đa khoa Tâm Anh. Ảnh: Kỹ thuật  thường được sử dụng trong chẩn đoán và điều trị nhiều bệnh lý hô hấp, bao gồm:: nghi ung thư phế quản phổi, u trung thất; dị vật đường thở; viêm phổi khó trị hay tái phát; bệnh phế nang, mô kẽ phổi; khó thở không phải do hen phế quản; ho ra máu; ho kéo dài trên 2 tuần. Bệnh nhân bị xẹp phổi; tràn dịch màng phổi chưa tìm được nguyên nhân; bất thường trên X quang ngực nhưng chưa chẩn đoán được bằng các phương pháp khác; nghi thủng khí quản hay dò thực quản khí quản; khàn tiếng; đánh giá thanh môn trước khi rút canule mở khí quản... cũng có thể thực hiện kỹ thuật này. gắp dị vật đường thở; cầm máu; đốt điện hoặc laser khối u đường thở; đặt stent kim loại khí phế quản; xẹp phổi do tắc đờm hay cục máu đông; cắt hạt hay polyp dây thanh điều trị khàn tiếng...Nội soi phế quản ống mềm giúp tầm soát sớm bệnh lý hô hấp. Ảnh: Bác sĩ Phong cho biết, trước khi làm thủ thuật, người bệnh sẽ được phun thuốc gây tê cục bộ vào mũi và cổ họng để làm tê khu vực này. Nhiều bệnh nhân cũng có thể cần dùng thêm thuốc an thần để giúp họ thư giãn. Bác sĩ sẽ chỉ định nội soi dưới sự gây mê toàn thân trong những trường hợp cần thiết.Sau khi thuốc tê hay thuốc gây mê có hiệu lực, bác sĩ sẽ bổ sung oxy vào khí hít cho người bệnh, bắt đầu đưa ống nội soi di chuyển xuống cổ họng, qua khí quản, vào phế quản, các cấp phân chia. Nhờ đó, bác sĩ có thể quan sát thấy toàn bộ đường dẫn khí như thanh quản, khí quản, phế quản, các nhánh nhỏ của phế quản là tiểu phế quản.Nếu bác sĩ cần đặt stent hoặc sinh thiết, các dụng cụ có thể được đưa vào thực hiện tại chỗ trong quá trình nội soi. Nếu chuyên gia cần thu thập các tế bào, chất lỏng trong đường thở, phế quản sẽ được bơm rửa với dung dịch nước muối sinh lý, hút lấy dịch rửa để xét nghiệm vi sinh cũng như tế bào của đường hô hấp.Thời gian cho một ca nội soi phế quản bằng ống soi mềm chỉ mất khoảng 5-10 phút, không gây đau đớn khó chịu cho người bệnh. Ảnh: Bác sĩ Phong chia sẻ thêm, nội soi phế quản là một thủ thuật tương đối nhanh chóng và không đau đớn, tuy nhiên, người bệnh vẫn cần ở lại bệnh viện trong vài giờ cho đến khi thuốc tê hay thuốc gây mê hết tác dụng. Huyết áp, nhịp thở cũng được theo dõi sát trong thời gian này để kiểm tra các biến chứng.Khi người bệnh có lại phản xạ ho (thông thường trong vòng 2 giờ) là điều kiện an toàn để ăn, uống bình thường trở lại qua đường miệng. Đồng thời, nếu nội soi có dùng thuốc an thần, người bệnh nên tránh lái xe, vận hành máy móc và uống rượu trong 24 giờ tiếp theo.Sau nội soi phế quản ống mềm, hầu hết trường hợp đều có thể trở lại hoạt động bình thường sau 24 giờ. Tuy vậy, một số người có thể bị đau họng, khàn giọng trong vài ngày tiếp theo.Tương tự các thủ thuật can thiệp khác, nội soi phế quản cũng có nguy cơ thấp gặp một số rủi ro như chảy máu, nhiễm trùng, thủng phế quản, kích thích gây co thắt phế quản, co thắt thanh quản, tràn khí màng phổi... Chính vì vậy, nếu có bất kỳ triệu chứng nào bất thường sau khi thực hiện nội soi phế quản, cần đến khám lại ngay để được kiểm tra, kịp thời xử lý.Theo bác sĩ Phong, nội soi phế quản ống mềm là thủ thuật vừa chẩn đoán, vừa can thiệp trên đường thở tương đối an toàn với ít nguy cơ gặp phải biến chứng. Bệnh nhân được sử dụng thuốc gây tê tại chỗ và thuốc an thần để thoải mái, thư giãn trong quá trình thực hiện.Tại Việt Nam, vấn đề ô nhiễm môi trường là một trong những nguyên nhân làm gia tăng tỷ lệ mắc bệnh và nguy cơ tử vong đối với các bệnh lý hô hấp. Trong đó, nhóm bệnh không lây như hen suyễn, bệnh phổi tắc nghẽn mãn tính, ung thư phổi..., nhóm các bệnh lý dễ lây như cảm cúm, lao, viêm phổi cộng đồng vì tình trạng vi khuẩn đề kháng kháng sinh ngày càng gia tăng. Để góp phần chẩn đoán và điều trị các bệnh lý hô hấp hiệu quả, nội soi phế quản bằng ống soi mềm (gọi tắt là nội soi phế quản ống mềm) là một kỹ thuật đóng vai trò quan trọng. đầu tư hệ thống nội soi phế quản ống mềm Olympus Evis Exera III CV-190 hiện đại. Đơn vị trang bị hệ thống ánh sáng đèn Xenon, hệ thống ánh sáng dải tần hẹp NBI, bộ xử lý hình ảnh, hệ thống Camera, màn hình độ phân giải cao cho hình ảnh sắc nét, trung thực..., đem lại hiệu quả cao trong chẩn đoán, can thiệp điều trị cho người bệnh.","Tầm soát sớm, điều trị các bệnh lý hô hấp","Thứ ba, 29/3/2022, 17:00 (GMT+7)",,https://vnexpress.net/phat-hien-som-benh-ho-hap-nho-noi-soi-phe-quan-ong-mem-4444676.html
Cách nhận biết các trường hợp khẩn cấp về ung thư phổi ,"Ung thư phổi có thể gây suy hô hấp, đe dọa tính mạng. Khi khó thở, cơ thể bắt đầu sử dụng các cơ phụ để hỗ trợ thở. Người bệnh có thể cảm thấy như cơ cổ thắt chặt khi hít vào, thở ra. Nếu thấy hơi thở thay đổi đột ngột, chẳng hạn như gắng sức nhiều hơn, khó thở (thở gấp), cảm giác nghẹt thở, hoảng sợ hoặc thở nhanh, bạn cần được chăm sóc y tế khẩn cấp.Ngoài ra, người bệnh cũng cần đếm số nhịp thở mỗi phút. Một người trưởng thành không hoạt động thể chất nên hít thở trung bình khoảng 12-18 nhịp mỗi phút, nhịp hô hấp trên 24 là dấu hiệu của tình trạng suy kiệt.Suy hô hấp cũng có thể gây ra các dấu hiệu thiếu oxy (oxy thấp), bao gồm: tím tái (da và môi đổi màu hơi xanh); chóng mặt hoặc choáng váng; lú lẫn; cảm giác ngất xỉu.Ung thư phổi cản trở hơi thở của người bệnh vì nhiều lý do. Khi các tế bào ung thư nhân lên, chúng có thể phát triển thành mô phổi khỏe mạnh và gây viêm. Một số phương pháp điều trị ung thư phổi cũng có thể gây viêm.Việc thở có thể gây mệt mỏi khi bệnh nhân gắng sức trong khi cố khắc phục tình trạng tắc nghẽn đường thở do các tế bào ung thư và viêm nhiễm gây ra. Các biến chứng ung thư phổi khác, bao gồm thuyên tắc phổi, tràn khí màng phổi cũng có thể dẫn đến cấp cứu hô hấp.Ho ra máu là một hiện tượng y tế khẩn cấp. Nó có thể báo hiệu tình trạng mất máu, dẫn đến hạ huyết áp và ngất xỉu. Máu rò rỉ trong phổi có thể đông lại trong phế quản (đường dẫn khí) hoặc phế nang (túi khí), có khả năng cản trở quá trình trao đổi oxy, carbon dioxide khi thở. Thông thường, ho ra máu không gây đau đớn, nhưng đôi khi ho dữ dội cũng có thể kèm theo đau tức ngực.Ung thư phổi có thể xâm lấn các mạch máu và mô trong phổi, khiến chúng bị chảy máu, đôi khi rất nhiều. Ung thư phổi di căn có thể lây lan đến các khu vực như khí quản hoặc thực quản, dẫn đến ho ra máu giống như từ phổi và nguy hiểm không kém.Suy hô hấp, ho ra máu, lú lẫn, hoặc suy nhược đột ngột... báo hiệu biến chứng khẩn cấp của bệnh ung thư phổi hoặc tác dụng phụ của việc điều trị. Ảnh: Freepik.Đau phổi và đau ngực có thể do nhồi máu cơ tim, thuyên tắc phổi hoặc bất kỳ trường hợp khẩn cấp nào về tim, phổi. Những vấn đề này có thể đi kèm với suy hô hấp, chóng mặt, lú lẫn, lo lắng nghiêm trọng hoặc mất ý thức.Đau ngực có thể biểu hiện theo nhiều cách khác nhau khi người bệnh mắc ung thư phổi, bao gồm: cảm giác tức ngực như ai đó bóp vào ngực từ bên trong; đau sâu hoặc cảm thấy như dao đâm; có gì đó khi bạn hít thở sâu hoặc thay đổi tư thế; liên tục đau đớn.Có nhiều nguyên nhân gây đau ngực liên quan đến ung thư phổi, chẳng hạn như: di căn vào xương sườn hoặc ngực; hội chứng đau sau phẫu thuật cắt xương do phẫu thuật ung thư phổi; đau ngực tràn dịch màng phổi do có dịch trong phổi.Thay đổi trạng thái tinh thần có thể là một trường hợp khẩn cấp đối với những người bị ung thư phổi. Thay đổi hành vi và mức độ ý thức có thể gây ra một số tác động khác nhau, thường là mơ hồ, thiếu tập trung.Các triệu chứng có thể bao gồm: lú lẫn, nhìn chằm chằm vào không gian hoặc không phản hồi, ngủ quá nhiều, căng cứng hoặc giật cơ thể, kích động hoặc nóng nảy, ảo giác, giảm mức độ ý thức. Tuy nhiên, người trải qua những trạng thái này thường không nhận thức được vấn đề.Nếu bạn bắt đầu cảm thấy không còn là chính mình, hãy thăm khám bác sĩ càng sớm càng tốt. Nếu bạn ở cùng ai đó và phát hiện sự thay đổi trong hành vi hoặc mức độ cảnh giác, hãy tìm kiếm sự trợ giúp chuyên nghiệp cho họ ngay lập tức.Có nhiều cách mà ung thư phổi có thể làm thay đổi trạng thái tinh thần. Ung thư phổi có thể di căn lên não, gây chèn ép, đe dọa mô não khỏe mạnh hoặc thoát vị não (một phần não bị đẩy ra khỏi hộp sọ, xuống tủy sống).Điều trị ung thư phổi cũng có thể làm tăng nguy cơ nhiễm trùng huyết, một bệnh nhiễm trùng toàn thân nặng dẫn đến trạng thái thường xuyên nhầm lẫn và thay đổi tính cách. Viêm não do điều trị bức xạ, hóa trị hoặc nhiễm trùng não cũng có thể gây ra những trạng thái tâm thần.Mức oxy thấp hoặc lượng carbon dioxide cao do tổn thương phổi cũng có thể dẫn đến suy giảm chức năng não. Ngoài ra, ung thư phổi làm tăng nguy cơ đột quỵ.Hoa mắt, chóng mặt và ngất xỉu có thể xảy ra đột ngột với người bệnh ung thư phổi. Ngất xỉu cũng có thể là dấu hiệu của một số biến chứng ung thư phổi khác nhau. Một số vấn đề gây ngất xỉu có thể cần hỗ trợ hô hấp bằng cách đặt nội khí quản (đặt ống thở).Dấu hiệu cảnh báo một người sắp ngất gồm: đổ mồ hôi, lú lẫn, chóng mặt, khó giữ thăng bằng, buồn nôn, run rẩy, cảm giác như căn phòng quay cuồng, cả người yếu rũ rượi.Ung thư phổi và bệnh tim có thể khiến người bệnh ngất xỉu. Oxy thấp, mất máu, ho ra máu, di căn não là các biến chứng ung thư phổi có thể dẫn đến ngất xỉu. Các vấn đề về trao đổi chất như, canxi, natri, kali thấp hoặc cao, có thể phát triển do di căn và có thể ảnh hưởng đến mức độ ý thức của người bệnh.Sưng ở bất kỳ bộ phận nào của cơ thể có thể là dấu hiệu của phù nề (tích tụ chất lỏng), các vấn đề về lưu lượng máu hoặc phản ứng dị ứng nghiêm trọng. Những vấn đề này có thể báo hiệu tác động xấu đi nhanh chóng của bệnh ung thư phổi.Sưng do ung thư phổi có thể biểu hiện bằng: bọng một bên cánh tay; sưng hoặc đỏ mặt, môi, mắt; sưng đầu, cổ, mặt và phần trên ngực; thở khò khè; hụt hơi.Hội chứng tĩnh mạch chủ trên là tình trạng tĩnh mạch ở cổ bị tắc nghẽn do áp lực từ sự di căn của ung thư. Máu không thể trở về tim từ đầu, mặt và cổ đến tim, dẫn đến sưng tấy các vùng này.Người bệnh cũng có thể bị phản ứng với thuốc, có thể gây ra sốc phản vệ hoặc phù mạch. Điều này có thể gây sưng tấy, đặc biệt là mặt, có thể kèm theo thở khò khè và khó thở.Đột ngột yếu hoặc giảm cảm giác của cánh tay, chân, một bên cơ thể có thể báo hiệu ung thư phổi di căn đến tủy sống. Điều này có thể dẫn đến tình trạng tê liệt vĩnh viễn và không kiểm soát. Điều trị ngay lập tức, thường bằng liều steroid rất cao, có thể giúp giảm tác động lâu dài của việc chèn ép tủy sống.Các triệu chứng khác mà người bệnh có thể gặp phải gồm: đau lưng, cổ hoặc áp lực; tê, ngứa ran hoặc cảm giác bất thường ở cánh tay, chân; mất kiểm soát ruột hoặc bàng quang. Hội chứng chùm đuôi ngựa (equina cauda) là sự chèn ép của các rễ thần kinh cột sống ở phần thấp nhất của tủy sống. Điều này ảnh hưởng đến chức năng ruột, bàng quang và chân.Sốt có thể là dấu hiệu của nhiễm trùng nặng, di căn não hoặc có thể là tác dụng phụ của hóa trị. Người bệnh ung thư phổi khi được điều trị bằng hóa trị có thể làm giảm chức năng miễn dịch của cơ thể, dẫn đến làm giảm khả năng chống lại nhiễm trùng.Ngoài sốt, bệnh nhân cũng có thể bị ớn lạnh, đổ mồ hôi; buồn nôn hoặc giảm cảm giác thèm ăn; hôn mê; run rẩy; nhịp tim nhanh. Người bệnh ung thư phổi còn có thể bị hạ thân nhiệt. Đôi khi nhiệt độ cơ thể có thể dao động giữa nhiệt độ cao (trên 38 độ C) và nhiệt độ thấp (dưới 36 độ C). (Theo )",Suy hô hấp,"Thứ sáu, 22/4/2022, 15:00 (GMT+7)",,https://vnexpress.net/cach-nhan-biet-cac-truong-hop-khan-cap-ve-ung-thu-phoi-4453067.html
Tại sao phụ nữ có nguy cơ mắc ung thư phổi cao hơn nam giới? ,"Các nhà nghiên cứu từ Đại học Stanford và Đại học California San Francisco đã công bố một bài báo tóm tắt các yếu tố nguy cơ ung thư phổi tiềm ẩn ở phụ nữ, phân tích dựa trên các mô hình sàng lọc, chẩn đoán, kết quả lâm sàng. Các nhà nghiên cứu tìm thấy một số điểm khác biệt giữa đàn ông, phụ nữ, bao gồm sự phát triển ung thư phổi, quá trình sàng lọc, kết quả, tác dụng phụ của việc điều trị.Nhóm tác giả hy vọng rằng các nhà khoa học, bác sĩ lâm sàng sẽ chú ý đến những khác biệt này để cải thiện việc chăm sóc bệnh nhân vì tỷ lệ ung thư phổi ở phụ nữ vẫn tương đối cao trên toàn cầu.Mặc dù có sự gia tăng ung thư phổi ở những người chưa bao giờ hút thuốc, phần lớn bệnh nhân ung thư phổi vẫn có tiền sử sử dụng thuốc lá. Các nghiên cứu cho thấy, phụ nữ không nhạy cảm hơn nam giới đối với những chất gây ung thư trong khói thuốc.Phụ nữ có nguy cơ mắc ung thư phổi do hít khí radon, khói thuốc thụ động, gen... Ảnh: Theo Cơ quan bảo vệ môi trường Mỹ (EPA), radon, một hợp chất phóng xạ có trong đất, đá và nước là nguyên nhân chính gây ung thư phổi ở người không hút thuốc, là nguyên nhân phổ biến thứ hai sau khói thuốc lá. Một phân tích của 7 nghiên cứu bệnh chứng phát hiện, hít nhiều khí radon trong môi trường sinh sống có thể tăng nguy cơ ung thư phổi.Khói thuốc là yếu tố nguy cơ phổ biến thứ ba gây bệnh ung thư phổi. Một phân tích tổng hợp của 37 nghiên cứu chứng minh, phụ nữ không hút thuốc có nguy cơ mắc ung thư phổi cao hơn 24% nếu bạn đời của họ hút thuốc, so với nhóm đối chứng.Khói nấu ăn trong nhà cũng có thể góp phần làm tăng tỷ lệ ung thư phổi ở phụ nữ. Một nghiên cứu từ châu Á cho thấy, phụ nữ nấu ăn bằng than có nguy cơ mắc bệnh ung thư phổi cao gấp 5 lần so với những người không nấu ăn. Ngoài ra, dầu ăn còn dẫn đến sự hình thành các hydrocarbon thơm đa vòng (PAHs), được biết đến là chất gây ung thư. Phụ nữ nấu ăn ở những nơi có hệ thống thông gió kém có thể tăng khả năng tiếp xúc với PAHs.Theo một nghiên cứu ở Đài Loan, trong số những người không hút thốc, phụ nữ bị ung thư phổi có nhiều khả năng dương tính với HPV hơn nam giới. Nghiên cứu cũng liên kết các đột biến gen ảnh hưởng đến việc sửa chữa DNA và đột biến trong gen TP53 tăng nguy cơ ung thư phổi ở phụ nữ. Gen TP53 tạo ra một loại protein ngăn chặn sự sao chép của DNA bị hư hỏng, quá trình phân chia tế bào.Mức độ estrogen cũng có thể là một yếu tố nguy cơ. Một nghiên cứu cho thấy, phụ nữ tiền mãn kinh bị ung thư phổi trải qua giai đoạn bệnh nặng hơn phụ nữ sau mãn kinh. Nghiên cứu khác chứng minh các thụ thể estrogen biểu hiện quá mức ở nhiều bệnh ung thư phổi.Tuy nhiên, các hướng dẫn hiện hành trên thế giới về tầm soát ung thư phổi thường hỏi về tiền sử hút thuốc lá. Do đó, có xu hướng loại trừ các trường hợp ung thư phổi đang phát triển ở những người không hút thuốc. Trong khi đó, có tới 80,6% phụ nữ được chẩn đoán ung thư phổi không đáp ứng các tiêu chí sàng lọc mà Lực lượng phòng ngừa đặc nhiệm Mỹ (USPSTF) đưa ra vào năm 2013. Các nhà nghiên cứu kết luận rằng các hướng dẫn sàng lọc nên được mở rộng để bao gồm các yếu tố nguy cơ ngoài việc sử dụng thuốc lá, các thử nghiệm lâm sàng trong tương lai nên điều tra sự khác biệt dựa trên giới tính trong ung thư phổi.Số liệu từ Tổ chức Ung thư toàn cầu (GLOBOCAN) cho biết, Việt Nam ghi nhận hơn 26.000 ca mắc ung thư phổi, gần 24.000 ca tử vong vào năm 2020. Trong đó, tỷ lệ nam, nữ giới bị ung thư phổi lần lượt là 18,9% và 9,1%.Theo tổ chức Y tế Thế giới, Việt Nam là một trong những quốc gia có tỷ lệ hút thuốc lá cao nhất thế giới, phần lớn là nam giới. Ngoài ra, những người tiếp xúc với khói, bụi, quá trình luyện thép, niken, crom nếu không tuân thủ bảo hộ lao động cũng có nguy cơ mắc bệnh. (Theo )",Châu Vũ,"Thứ năm, 12/5/2022, 12:00 (GMT+7)",,https://vnexpress.net/tai-sao-phu-nu-co-nguy-co-mac-ung-thu-phoi-cao-hon-nam-gioi-4462136.html
Những điều cần biết về nội soi phế quản ống mềm ,"Theo thầy thuốc nhân dân, GS.BS.TS Ngô Quý Châu - Giám đốc chuyên môn Bệnh viện Đa khoa Tâm Anh Hà Nội, nội soi phế quản bằng ống mềm (nội soi phế quản) là một kỹ thuật giúp bác sĩ quan sát bên trong đường thở. Qua nội soi có thể phát hiện các tổn thương, lấy dịch hoặc mô, tế bào từ phế quản, phổi để chẩn đoán bệnh. Bác sĩ sẽ đưa một ống soi qua mũi hoặc miệng vào khí quản, đưa xuống các đường dẫn khí nhỏ hơn. Ống soi có camera, có thể đưa hình ảnh về màn hình video phía ngoài.Tại Bệnh viện Đa khoa Tâm Anh, kỹ thuật nội soi phế quản ống mềm áp dụng trong chẩn đoá, điều trị bệnh phổi đem lại nhiều hiệu quả. Ưu điểm của kỹ thuật nội soi giúp chẩn đoán bệnh lý chính xác, nhất là bệnh ung thư phế quản, từ đó đưa ra phương pháp điều trị hiệu quả, kịp thời cho người bệnh.Nội soi phế quản có thể được thực hiện nhằm chẩn đoán, điều trị các bệnh ở phổi như:- U lành hoặc ung thư phổi, phế quản- Tắc nghẽn (bít tắc) ở đường thở, hẹp đường thở- Các tình trạng viêm và nhiễm trùng như: lao, viêm phổi, nhiễm trùng phổi do nấm hoặc ký sinh trùng- Các nguyên nhân gây ho kéo dài- Các nguyên nhân gây ho máu- Các bất thường trên X-quang ngựcCác phương pháp chẩn đoán hoặc điều trị có thể được thực hiện thông qua nội soi bao gồm:- Sinh thiết tổn thương (trong lòng khí phế quản, hạch trung thất, tổn thương nhu mô phổi...)- Lấy dịch phế quản làm xét nghiệm- Loại bỏ các khối u, chất tiết, máu, các cục đờm, polyp để làm thông thoáng đường thở (khí phế quản)- Kiểm soát chảy máu trong đường thở- Loại bỏ dị vật hoặc những tổn thương gây tắc nghẽn khác (u)- Hút sạch mủ (apxe phổi)Ngoài ra, cũng có những lý do khác người bệnh cần làm nội soi phế quản tuỳ trường hợp.- Người mắc hội chứng máu khó đông hoặc có các rối loạn về đông máu- Người bệnh mắc phải các bệnh lý liên quan rối loạn tim mạch như suy tim, đau thắt ngực,  không ổn định, nhồi máu cơ tim,...- Bệnh nhân bị  nặng, hen suyễn, tràn khí màng phổi chưa dẫn lưu,...- Một số trường hợp người bệnh không hợp tác, kỹ thuật này cũng khuyến cáo không nên sử dụng.Hình ảnh người bệnh được bác sĩ thực hiện nội soi khí quản ống mềm. Ảnh: Bác sĩ sẽ giải thích về thủ thuật. Người bệnh (gia đình) được yêu cầu ký vào giấy cam kết đồng ý làm thủ thuật, chấp nhận các nguy cơ có thể xảy ra. Vì vậy, việc đọc cẩn thận, trao đổi với bác sĩ nếu có những vấn đề chưa rõ là rất cần thiết.- Đang có thai hoặc có thể đang có thai- Nhạy cảm hoặc dị ứng với bất cứ thuốc, cao su, băng dính hoặc thuốc gây tê hay gây mê- Đang sử dụng bất cứ thuốc gì bao gồm thuốc được kê đơn, thuốc tự mua, vitamin, các thuốc đông y,...- Có rối loạn về đông máu- Đã hoặc đang sử dụng các thuốc chống đông (như Sintrom, Aspirin...)- Đã ngừng sử dụng các thuốc trước thủ thuật nếu bác sĩ yêu cầu- Đã nhịn ăn nhịn uống ít nhất 8 giờ trước nội soi phế quản- Có người nhà đi cùng khi làm nội soi- Làm theo các hướng dẫn khác của bác sĩ- Mang theo toàn bộ xét nghiệm và phim chụp trước đó- Cắt lớp vi tính ngực- X-quang ngực- Siêu âm màng phổi- Các xét nghiệm máu- Các xét nghiệm khác nếu cầnTrong hầu hết các trường hợp, nội soi phế quản được thực hiện theo quá trình sau:- Người bệnh được yêu cầu không đeo trang sức, tháo dụng cụ răng miệng hoặc các vật mang theo người.- Với nội soi phế quản ống mềm gây mê, người bệnh được sử dụng thuốc (thuốc mê đường tĩnh mạch) để ngủ trong khi làm nội soi. Với nội soi phế quản ống mềm gây tê, người bệnh gây tê vùng hầu họng bằng thuốc để giúp đường thở đỡ kích thích, người bệnh sẽ tỉnh táo trong suốt quá trình nội soi.- Nhịp tim, huyết áp và tình trạng hô hấp được theo dõi trong suốt quá trình nội soi.- Bác sĩ đưa ống soi qua mũi hoặc miệng xuống họng và vào đường thở. Khi ống soi được đưa xuống, bác sĩ sẽ quan sát đường thở, lấy dịch phế quản, các mô bệnh phẩm (tổn thương trong lòng phế quản và phổi) để làm xét nghiệm. Các thủ thuật khác có thể được làm nếu cần thiết bao gồm sử dụng thuốc hoặc các thủ thuật cầm máu. Sau khi đã quan sát đường thở, các thủ thuật khác thực hiện, ống soi sẽ được rút ra.Nội soi phế quản là một kĩ thuật tương đối an toàn. Những nguy cơ như thiếu oxy hoặc chảy máu nặng không phổ biến (chỉ dưới 5%) và có thể được xử lý trong điều kiện y tế đầy đủ.TTND.GS.BS.TS Ngô Quý Châu, Giám đốc chuyên môn Bệnh viện Đa khoa Tâm Anh thực hiện kỹ thuật nội soi phế quản. Ảnh:Sau khi nội soi phế quản gây mê, người bệnh có thể buồn ngủ và mệt mỏi. Người bệnh cũng không được nuốt hoặc ăn hai giờ sau khi nội soi, sau đó có thể uống thử nước, nếu không sặc có thể ăn uống bình thường. Triệu chứng đau họng, đau khi nuốt trong vài ngày là điều bình thường.Cần gọi ngay cho bác sĩ nếu có những triệu chứng dưới đây: Sốt trên 38 độ C, ho máu nhiều (khoảng vài thìa), đau ngực, khàn giọng nặng, khó thở,...",Khi nào cần được nội soi phế quản,"Thứ năm, 16/9/2021, 20:00 (GMT+7)",,https://vnexpress.net/nhung-dieu-can-biet-ve-noi-soi-phe-quan-ong-mem-4351887.html
Phân biệt triệu chứng Covid-19 và bệnh phổi tắc nghẽn mạn tính ,"Theo bác sĩ nội trú Phùng Thị Thơm - Khoa Nội hô hấp, Bệnh viện Đa khoa Tâm Anh, triệu chứng của Covid-19 rất dễ nhầm lẫn với đợt cấp của bệnh phổi tắc nghẽn mãn tính (COPD). Do đó, nếu không biết cách phân biệt sẽ gây sai lệch trong chẩn đoán và làm chậm trễ điều trị.Theo bác sĩ Thơm, COPD là một bệnh lý hô hấp mạn tính, trong khi nhiễm Covid-19 là tình trạng cấp tính. Đây là điều khác nhau dễ thấy nhất giữa hai bệnh này.Các triệu chứng của COPD đã xuất hiện từ lâu, có thể âm ỉ, biểu hiện nặng dần và cần chú ý mới có thể nhận ra như ho, nặng ngực, khó thở khi leo cầu thang, giảm hoạt động gắng sức hàng ngày. Khi xuất hiện đợt cấp, người bệnh sẽ thấy khó thở tăng lên, ho và khạc đờm nhiều hơn, đờm chuyển thành đờm mủ, bị sốt nếu có nhiễm trùng.Bác sĩ Thơm chia sẻ thêm, các triệu chứng của Covid-19 (cấp tính) mới xuất hiện vài ngày với các biểu hiện đa dạng nhưng thường gặp nhất là sốt, ho và khó thở. Tuy nhiên, khoảng 50% người mắc Covid-19 không có biểu hiện sốt, do đó rất dễ nhầm lẫn với COPD.Bác sĩ Bệnh viện Đa khoa Tâm Anh thăm khám cho bệnh nhân mắc bệnh COPD vào tháng 10/2021.COPD là tình trạng viêm niêm mạc đường thở mạn tính, gây suy giảm chức năng thông khí ở phổi. Bệnh nhân thường có cảm giác khó thở do đường thở bị hẹp so với bình thường, về lâu dài có thể dẫn tới suy hô hấp.COPD thường gặp ở những người lớn tuổi, có tiền sử hút thuốc lá, thuốc lào hoặc tiếp xúc khói bụi độc hại trong nhiều năm. Các biểu hiện trên hệ thống hô hấp bao gồm ho mạn tính kéo dài nhiều tháng, nhiều năm; khó thở, thở gấp sức; ngực có cảm giác đau thắt chặt; thở khò khè, mệt mỏi kéo dài.Ngoài ra, người bệnh rất dễ mắc các đợt cấp gây khó thở tăng, ho đờm nhiều, tức nặng ngực, sốt. Những dấu hiệu này khá giống với nhiều bệnh lý hô hấp thông thường khác nên bệnh nhân thường bỏ qua hoặc tự ý điều trị sai phương pháp khiến bệnh có nguy cơ diễn tiến nặng.Tuy nhiên, bác sĩ Thơm cũng lưu ý một triệu chứng khá khác biệt của bệnh nhân Covid-19 so với các nhiễm khuẩn hô hấp thông thường khác là tình trạng mất khứu giác, mất vị giác. Một số người còn có thể xuất hiện các triệu chứng đường tiêu hóa như tiêu chảy, đau bụng. Các triệu chứng nặng hơn của Covid-19 như đau ngực, khó thở, tim đập nhanh... cũng có thể xảy ra.Ở những người mắc Covid-19, triệu chứng thường xuất hiện sau 2-14 ngày phơi nhiễm với các biểu hiện tương tự những bệnh nhiễm khuẩn đường hô hấp thông thường như sốt, gai rét, ớn lạnh, đau họng, ho, đau đầu, đau mỏi cơ...Covid-19 nguy hiểm đối với nhóm người có các bệnh lý nền mạn tính. Nếu bệnh nhân Covid-19 có kèm theo COPD thì nguy cơ chuyển biến nặng và tử vong cao hơn, bởi cây khí phế quản và nhu mô phổi vốn đã bị tổn thương từ trước đó.""Tất cả người bệnh có triệu chứng hô hấp nên được làm xét nghiệm Covid-19 (test nhanh, PCR) để loại trừ khả năng mắc Covid-19. Đồng thời, cần đến các cơ sở y tế để được thăm khám và điều trị kịp thời các bệnh lý nền nguy hiểm như COPD"", bác sĩ Thơm nói thêm.",Triệu chứng điển hình của COPD và Covid-19,"Chủ nhật, 7/11/2021, 08:00 (GMT+7)",,https://vnexpress.net/phan-biet-trieu-chung-covid-19-va-benh-phoi-tac-nghen-man-tinh-4381646.html
"Phát hiện, chăm sóc người bệnh phổi tắc nghẽn mạn tính trong dịch Covid-19 ","Bác sĩ Nguyễn Văn Ngân, Khoa Nội Hô hấp, Bệnh viện Đa khoa Tâm Anh Hà Nội, cho biết, bệnh phổi tắc nghẽn mạn tính (COPD) thường gặp ở nam giới trên 40 tuổi. Các yếu tố nguy cơ chủ yếu của bệnh gồm hút thuốc lá, thuốc lào, ô nhiễm môi trường, nhiễm khuẩn hô hấp tái diễn, lao phổi.... Trong đó, hút thuốc là nguyên nhân quan trọng nhất gây bệnh, 80-90% người mắc liên quan đến hút thuốc lá.Bác sĩ Nguyễn Văn Ngân chia sẻ thêm, các triệu chứng thường gặp của COPD là ho, khạc đờm, khó thở dai dẳng và tiến triển nặng dần theo thời gian. Ở giai đoạn đầu, các triệu chứng thường nhẹ, có thể chỉ có ho ngắt quãng và không khó thở hoặc chỉ khó thở khi gắng sức (xuất hiện khi đi lên cầu thang, khi đi bộ nhanh trên đường bằng....). Người bệnh thường bỏ qua và nghĩ là triệu chứng bình thường.Khi bệnh nặng hơn có biểu hiện ho dai dẳng, ho khan hoặc ho có đờm, thường khạc đờm về buổi sáng, khó thở liên tục cả khi nghỉ ngơi. Ở giai đoạn muộn, biến chứng suy hô hấp mạn tính như tím môi, tím đầu chi, thở nhanh, co kéo hõm ức, biểu hiện của suy tim phải (phù 2 chân, mắt lồi đỏ như mắt ếch, tiểu ít...). Người mắc COPD thường kèm theo các bệnh như tăng huyết áp, bệnh mạch vành, đái tháo đường. COPD có thể chồng lấp với triệu chứng của các bệnh này và bỏ sót chẩn đoán.Người bệnh có các triệu chứng nghi ngờ mắc COPD như trên cần chuyển đến các cơ sở y tế có đủ điều kiện (tuyến huyện, tuyến tỉnh hoặc tuyến trung ương...). Bệnh nhân sẽ được làm thêm thăm dò chẩn đoán như đo chức năng thông khí, chụp X-quang phổi, điện tim... nhằm chẩn đoán xác định và loại trừ những nguyên nhân khác có triệu chứng lâm sàng giống COPD.Theo bác sĩ Nguyễn Văn Ngân, hiện nay, chẩn đoán COPD ngoài hỏi bệnh sử, tiền sử, khám phổi, cần phải đo chức năng thông khí và làm test với thuốc giãn phế quản để chẩn đoán xác định. Chức năng thông khí sẽ không được thực hiện ở bệnh nhân nghi nhiễm hoặc đã xác định nhiễm Covid-19. Chức năng thông khí có thể phân tán virus và khiến người xung quanh có khả năng bị lây nhiễm. Tại những vùng đang có dịch, trì hoãn thực hiện chức năng thông khí trừ những trường hợp khẩn cấp. Nếu phải thực hiện hô hấp ký trong trường hợp khẩn cấp cần phải tuân thủ các thận trọng để hạn chế nguy cơ lây.Người bệnh cần được phát hiện sớm để kịp thời điều trị bệnh nhân COPD trong thời điểm dịch bệnh. Ảnh: Shutterstock.Bác sĩ Nguyễn Văn Ngân lưu ý để giảm thiểu và tránh tác hại của bệnh này thời dịch, bệnh nhân và người thân phải có kiến thức cơ bản về bệnh, tăng cường chăm sóc, tăng cường thể lực hàng ngày ngay tại nhà.+ Sử dụng liệu pháp thêm oxy khi có triệu chứng khó thở với thở oxy liều thấp 1-3 lần/phút.+ Hỗ trợ thở máy không xâm nhập nếu có chỉ định.- Làm thông thoáng đường thở: ho khạc đờm chủ động, tập thở...- Tránh những yếu tố kích thích đường thở như thuốc lá, khói, bụi cần dùng khẩu trang khi đi ra ngoài hay lúc làm việc trong môi trường khói bụi.- Dùng thuốc giãn phế quản hàng ngày theo chỉ định của bác sĩ, tiếp theo thì thực hiện dẫn lưu tư thế, kết hợp vỗ, rung lồng ngực và ho có điều khiển để tống đờm ra ngoài.+ Nên uống đủ nước hàng ngày có thể 2-3 lít nếu bác sĩ không khuyên hạn chế nước.+ Một số người bệnh thể trạng yếu có thể tiến hành hút đờm từ bên ngoài qua mũi, miệng.Chăm sóc đúng cách giúp cải thiện tình trạng bệnh cho người mắc COPD. Ảnh: Shutterstock.-+ Luyện tập thở đúng trong quá trình hoạt động, làm những việc nhẹ nhàng như đi bộ, leo cầu thang tại nhà, tránh ra ngoài đường hoặc chỗ tập trung đông người... Số lần tập và mức độ tập có thể nâng lên dần dần sau khi đã thích nghi tốt. Các bài tập thở có hiệu quả như tập thở hoành và thở chúm môi.+ Hạn chế các việc tác động làm căng thẳng tâm lý, sống trong môi trường trong lành, ít khói bụi.+ Nếu có biểu hiện nhiễm trùng: ho đờm đục, sốt.... nên dùng kháng sinh theo sự chỉ dẫn của bác sĩ càng sớm càng tốt.+ Bệnh nhân có các triệu chứng đi kèm như sốt, nôn... nên ngay lập tức sử dụng thuốc hạ sốt theo chỉ dẫn của bác sĩ, tăng cường uống nước.+ Với một số loại thuốc giãn phế quản có thể sẽ có tác dụng phụ. Khi có các dấu hiệu bất thường sau khi đưa thuốc vào cơ thể thì phải hỏi ý kiến bác sĩ ngay.+ Cải thiện môi trường sống và làm việc: tăng cường thêm cây xanh, thêm máy tạo ẩm..., tránh trường hợp thay đổi nhiệt độ đột ngột.+ Ăn uống đầy đủ chất dinh dưỡng và nâng cao thể trạng góp phần giảm triệu chứng và tăng chất lượng cuộc sống.+ Chia ra nhiều bữa ăn nhỏ (4-5 bữa/ngày) thay vì ăn 3 bữa để tránh tình trạng bệnh nhân bị no quá. Trước và sau khi ăn nên nghỉ ngơi, tránh hoạt động mạnh.+ Cần chọn những thực phẩm dinh dưỡng, giàu năng lượng cho người bệnh. Những nguồn dinh dưỡng chủ yếu từ chất đạm, chất béo, chất bột và chất xơ; hạn chế các chất béo từ động vật, thay vào đó là tăng cường các chất béo từ dầu thực vật, cá,...+ Giảm lượng muối trong khẩu phần ăn, nhất là các thực phẩm mặn, nhiều muối như thực phẩm đóng hộp, thực phẩm muối... tránh dùng thuốc ngủ gây ức chế trung tâm hô hấp, tránh căng thẳng về tâm lý, giảm lo lắng bệnh tật, luôn động viên, an ủi, sẻ chia tâm tư nguyện vọng của người bệnh.",Cách phát hiện bệnh mắc phổi tắc nghẽn mạn tính,"Thứ năm, 16/9/2021, 09:00 (GMT+7)",,https://vnexpress.net/phat-hien-cham-soc-nguoi-benh-phoi-tac-nghen-man-tinh-trong-dich-covid-19-4355556.html
